156091582166597,Huawei,P40,2021,72434219624,90762969
849841935081011,Huawei,P40,2018,68700776068,87173962
991921396219149,Motorola,Moto G84,2018,12441305328,12868322
844024034203739,Asus,ROG Phone 7,2018,10892876158,55095591
515249924339341,Oppo,Find X5,2021,21852199873,84489412
989946058027534,Sony,Xperia 5 IV,2020,50737420790,67456094
439946650551057,Oppo,Reno 8,2020,70417054807,04855186
942009855338488,LG,Velvet,2022,68599159275,16077123
038519468758016,Motorola,Moto G62,2020,70052107000,84792403
512106911760256,OnePlus,11,2023,66497412131,37168662
781538501544934,OnePlus,Nord 2,2019,00402121066,62272266
793096918308542,Xiaomi,Mi 12,2019,21689952067,13678110
948884728501733,Apple,iPhone 14,2019,40545895294,74895615
465550968276790,Oppo,Find X5,2019,41032942304,13743401
686265731543536,Xiaomi,Redmi Note 11,2021,65258885658,07807137
248860890645919,Oppo,Find X5,2018,32767955317,08381650
181887890814569,Huawei,Nova 11,2018,48014363744,76222851
779890264926997,Realme,C55,2019,12436598070,90273980
415471225789359,Apple,iPhone 15,2025,24838163479,73578078
193700891156279,Realme,Narzo 60,2023,73836857170,56859900
575720768466679,Oppo,Reno 10,2023,85606368463,80723914
902451100736493,Google,Pixel 8 Pro,2021,08885008828,25829713
546116191803278,Nokia,C32,2025,19202223912,60052778
880661487448068,Google,Pixel 6,2024,03836887606,51345317
325674790330726,Lenovo,Tab P11,2018,17001948012,96167992
316879755664558,Motorola,Moto G52,2023,60624317609,80321102
910154809144050,Apple,iPhone SE,2025,18879914332,33009233
153509801598306,Nokia,G42,2022,16105898231,07129195
238224741572726,Google,Pixel 6,2020,83779677580,78278405
969955644878470,Lenovo,Legion Y70,2021,29241944587,12386096
006266302765387,Xiaomi,Redmi Note 11,2025,28989735645,83549966
479238023510194,Samsung,Galaxy A54,2019,68337662077,60652837
528393057772403,Motorola,Moto G62,2020,78507210805,77708259
567077010587300,Sony,Xperia 5 IV,2018,46004045560,51357408
724674758605379,Sony,Xperia 5 IV,2019,48183933394,97022021
777168292488522,Asus,ROG Phone 7,2021,23039636995,17456299
857774127495475,Realme,GT Neo,2021,24101568600,37583351
116766278480759,Xiaomi,Poco X5,2024,59364101022,34189000
569364854209049,OnePlus,11,2021,95040058535,80021937
050004713262262,Sony,Xperia 5 IV,2024,07093911102,82279978
506360379009928,Realme,GT Neo,2021,34533520928,90519620
908874470989640,Realme,GT Neo,2020,72099987645,56529128
810966858899759,LG,Velvet,2025,19049604056,95612773
783211807782534,OnePlus,10 Pro,2024,65827604321,41219094
476697530929674,Vivo,V27,2024,99411484492,72919606
120483776558655,Xiaomi,Redmi Note 11,2024,73549484119,32494699
386854562284337,Sony,Xperia 10 V,2020,87683355712,89174311
816836433186124,Vivo,V27,2025,54922260293,60518085
953063491404748,Nokia,X30,2018,09152897419,15227614
146785126516397,Huawei,P50,2021,16452040146,55856395
433839731995702,Huawei,P50,2023,79144503679,23385263
792471332274491,Nokia,X30,2021,38316865726,24861140
917673119372704,Lenovo,Tab P11,2020,43117278796,44065325
732918433100715,Vivo,X90,2023,98253931301,90843172
841603213055154,Realme,GT Neo,2019,40001133306,91640586
706030283427414,Oppo,Reno 10,2021,64147181570,58279033
388197100588750,Apple,iPhone 13,2019,87104726497,54408370
136890565931378,Apple,iPhone 15,2025,32249123322,84222877
134105290790798,Realme,Narzo 60,2023,99912494008,70440332
963426343980511,Vivo,X90,2018,10229566987,96409089
311136029093256,Huawei,P40,2025,34805740094,78536479
273973872546651,Xiaomi,Redmi Note 11,2022,09703026303,56566083
878805167419268,Xiaomi,Mi 12,2021,90966846133,62748157
084640016647611,Sony,Xperia 5 IV,2021,79602151110,31100018
924102405728590,Oppo,Find X5,2025,20248833898,43629758
340828015023760,Samsung,Galaxy Z Flip,2023,40362089850,84556656
998047935550350,Motorola,Moto G62,2024,95505143741,04250954
555016748755275,Apple,iPhone SE,2019,57027889820,19942989
265993778949888,Samsung,Galaxy A54,2021,76627119609,75555617
843836415931775,Sony,Xperia 5 IV,2025,56752711470,44035894
938287658315377,Xiaomi,Mi 12,2021,43783158079,07771820
549779966304028,OnePlus,Nord 2,2020,46810091483,59543525
654419047825539,Sony,Xperia 1 IV,2018,70238372723,64716520
971614681920317,Vivo,Y36,2020,18875395225,30978685
632562240209074,Oppo,Find X5,2021,93863567919,50436401
075423319875025,Google,Pixel 7,2021,07111126300,13509031
234048074743792,Xiaomi,Redmi Note 11,2021,69558897370,95474704
005554473739710,Huawei,Nova 11,2024,48783288864,19384814
927448188086914,Xiaomi,Poco X5,2025,17625435750,78369016
943515313109024,Nokia,G21,2022,47499193900,99702655
065897541910494,Apple,iPhone 14,2024,33357493160,89668080
125651018586886,Xiaomi,Redmi Note 11,2025,85840636096,39001357
003136611311893,Google,Pixel 7,2021,60811143929,20781564
496617318742852,Realme,GT Neo,2018,73021959350,89011669
141204666162231,Huawei,Nova 11,2024,53720517870,65911173
902034562567289,Huawei,P40,2018,50320618838,60154191
579773575412564,Oppo,Reno 8,2024,04131282291,57601629
548642856098858,Asus,Zenfone 9,2023,96179368953,75869660
040329093144020,Google,Pixel 6,2020,64625343380,26150401
540760979653304,Apple,iPhone 14,2024,24823077326,22403874
264488588268656,LG,Velvet,2021,01749477807,43924301
886970719872605,Nokia,C32,2020,92016610530,18806199
820050457756981,Oppo,Reno 10,2023,84812469724,62201903
076387071811254,Samsung,Galaxy S22,2020,67881145870,97162251
905747423984084,Huawei,Nova 11,2020,79757952591,47368742
970784834598890,Motorola,Moto Edge 40,2024,08065894852,17793938
631590090718716,Samsung,Galaxy M54,2025,32426821817,37270728
742161365766352,Samsung,Galaxy M54,2022,19443455234,21866722
752346855636972,Nokia,C32,2025,60564055590,09067005
793787978168567,Google,Pixel 8 Pro,2021,36622692602,27922573
343826593962391,Apple,iPhone 14,2018,74107006107,48811914
202980483738174,OnePlus,Nord 2,2024,82482631939,00770458
136059599150877,Lenovo,Legion Y70,2023,12781935026,34135663
129673997595939,Huawei,P40,2024,36412715762,70020866
309100440396987,Apple,iPhone SE,2018,73509541901,40969305
408163891925805,Nokia,X30,2019,37791795205,49620320
307801051165308,Apple,iPhone 14,2021,63952902071,11408084
917490320590803,Asus,Zenfone 9,2025,96256852001,08895675
038985687665722,Vivo,X90,2024,60843895110,01631700
197627367514312,Lenovo,K14,2020,75740723299,09747776
820929656468423,Huawei,P50,2018,98206358455,16448162
231007208940104,Oppo,Find X5,2021,11639292632,18766962
744077612783113,Lenovo,K14,2020,95230898119,15100672
750094613596418,Xiaomi,Mi 11,2020,56948081185,68250610
969837481070379,Nokia,X30,2024,57818340289,94941838
558603764124590,Vivo,Y36,2020,42043904981,62562194
329084688575027,Vivo,X90,2018,34405718075,36731941
772196734769744,Samsung,Galaxy S23,2022,27836037487,25200799
630067496661558,Nokia,G42,2018,64609736950,09421300
533834800743846,Motorola,Moto G84,2023,71286186609,46839472
857802157274803,Nokia,X30,2025,85072795039,99889831
892815481500609,Realme,Narzo 60,2025,42283506824,06688804
065108767140161,Oppo,Reno 8,2019,28150022643,96876201
066914444487231,LG,K52,2023,59814926787,62428496
941508373252589,Apple,iPhone 13,2024,31377573710,63020315
372911703295120,Nokia,X30,2022,42187356892,77047846
958679257067540,Motorola,Moto Edge 30,2021,31041773684,57584287
112534873782529,Huawei,Nova 11,2021,94716964531,74225475
110776786088455,OnePlus,11,2020,41241620571,79615164
601792589648114,Huawei,P50,2022,50602580927,19542444
058397644175165,OnePlus,11,2020,39017593105,92122209
972183678617285,Xiaomi,Redmi Note 11,2025,16120620834,02341250
943512233604795,OnePlus,11,2022,57524360878,15929387
470642234600945,Huawei,P50,2021,03066193349,26274392
688039198859243,Sony,Xperia 1 IV,2022,61474268501,86671281
467997644826726,Huawei,Nova 11,2023,08314487090,79644500
172246981325509,Asus,ROG Phone 7,2018,43347655486,29409802
520203299776226,Realme,C55,2023,63220026001,88467735
742045019861510,Google,Pixel 6,2018,53733240600,41992718
348677012991546,Samsung,Galaxy S23,2022,55541785294,98420536
703862219047061,Oppo,Find X5,2025,39290861827,30217324
135345070111864,Google,Pixel 7,2023,36436483675,89821943
304130498700785,Samsung,Galaxy A54,2019,83230956559,01435695
924611322881594,Apple,iPhone 13,2018,53262015261,33484749
368072677319684,Samsung,Galaxy S22,2018,08092924325,06999389
334026881535563,Nokia,C32,2019,88182631610,23973796
549496943481612,Nokia,C32,2025,59381322660,65318365
156533638590866,Apple,iPhone 14,2024,52272455093,42913012
987409388189971,Google,Pixel 7,2019,77609622311,95830846
728784605274138,Sony,Xperia 10 V,2020,80493283250,25107775
953214547248488,Huawei,Nova 11,2022,16241834177,04374005
809159311838770,LG,Velvet,2020,70528829653,72287733
817376286110425,Sony,Xperia 1 IV,2023,11605769479,53425206
686709851765083,Samsung,Galaxy Z Flip,2024,84688146523,87531602
473953921668658,Samsung,Galaxy S23,2018,30320421198,76463107
879615674336083,Nokia,C32,2025,53015500635,52403754
196967353794457,Apple,iPhone 13,2020,50818688254,02824655
390819804135624,LG,Velvet,2023,06713283284,60942867
327693909725737,LG,K52,2021,73639603800,19921958
122305786141892,Oppo,Reno 10,2022,37714487860,65248456
064920532288936,Apple,iPhone 14,2022,88632060902,64620858
410805114351681,Motorola,Moto G62,2018,60006960359,29873695
284066871290317,OnePlus,10 Pro,2023,15451914508,10320290
560681904231959,Huawei,P40,2021,74498822994,56179227
420338561499217,Nokia,C32,2020,05566872999,82751840
122276932937261,Asus,Zenfone 10,2022,30950835641,55565730
382117493836777,Motorola,Moto G52,2023,56411392544,41156803
582333980136238,LG,K52,2023,32799958257,86082981
694198230577909,OnePlus,11,2025,68175421894,18728344
919320581116415,Apple,iPhone 13,2022,15692717719,60082592
580398939442738,OnePlus,Nord 3,2019,25363121190,94583728
054769714289550,Samsung,Galaxy S21,2023,73447683805,17917158
207248605979248,Vivo,Y36,2021,79000445906,52320527
417124348418934,Apple,iPhone 13,2021,59525036405,85455428
042933143663876,Realme,C55,2021,70125697945,02946321
890266102865421,Lenovo,Tab P11,2024,84486062213,02933978
014019300169145,Huawei,Nova 11,2022,74406818510,65629589
041265796216702,Asus,Zenfone 10,2023,80088820696,85877815
690867644011752,Google,Pixel 6,2024,97945422292,13590220
232476276838874,Realme,Narzo 60,2024,53073922490,20889162
532342654854484,Google,Pixel 8,2022,37121409160,97071307
411644676958607,Huawei,Nova 11,2022,09756515791,26166402
522748993045441,OnePlus,11,2019,04243285004,22525690
818212805637976,Huawei,Nova 11,2023,98012751542,50498281
973114603838233,Asus,Zenfone 9,2020,80870752936,92498364
685417053425742,Apple,iPhone SE,2025,33643109806,48074027
083329532402168,LG,Wing,2024,78313960477,99946243
555733743976645,Google,Pixel 6,2022,38514264109,14775541
430608179113948,Huawei,P40,2022,34721884567,81686909
603828677347632,Apple,iPhone 14,2020,86696627600,83098810
133937290059932,Lenovo,Legion Y70,2022,61269176501,57986506
735814010744686,Google,Pixel 7,2018,59308264558,30000841
584709882521295,Nokia,X30,2023,17055022029,37705245
876114560046568,Huawei,Nova 11,2025,23298264784,82818063
872975187032377,Sony,Xperia 10 V,2023,14569863094,32687781
996372673984726,Samsung,Galaxy S21,2025,75164764806,83852663
099371478966691,OnePlus,11,2023,24375222123,99110733
061959287986503,Xiaomi,Mi 11,2024,58697893119,39093316
931490386326334,Oppo,Reno 10,2023,87319188082,01420332
378869478866608,Google,Pixel 7,2018,81286462142,53662963
915623697223849,LG,Velvet,2021,40168113929,07221329
359762333060910,Vivo,X90,2022,16875205696,36676170
054069345169573,Motorola,Moto Edge 30,2018,99504400094,19823502
983704449051959,Oppo,Find X5,2019,63732166082,53186399
838024727094457,Google,Pixel 8 Pro,2023,82091010219,02704725
970878400946761,Samsung,Galaxy S21,2021,67501657963,52524478
555100650559278,Realme,GT Neo,2024,33113998115,60320529
058624578645956,OnePlus,Nord 3,2024,86627598663,29791303
856759696729833,Xiaomi,Poco X5,2025,26758771660,07937998
537743030738599,Xiaomi,Redmi Note 11,2025,46646782407,92189088
276108942893457,Xiaomi,Mi 11,2022,30086745182,44966536
572995358205910,Nokia,G21,2024,47720945557,24165105
338813988723245,Asus,ROG Phone 7,2020,37921570127,73532473
393452057145008,Nokia,G21,2018,11187865990,58899865
850764163013568,Nokia,X30,2019,98765202023,33126231
418851507855852,Sony,Xperia 5 IV,2018,01841454907,50208274
814673331151523,Nokia,G21,2019,78751837668,78661142
946642017020311,Samsung,Galaxy A54,2019,44575565210,50414486
227999323443174,Nokia,C32,2024,26268072731,86859699
856886679484395,Oppo,Reno 10,2025,08136609802,64301357
695466812332751,Nokia,C32,2020,74344102991,13399468
218310195463190,Apple,iPhone 12,2022,26696377875,77693513
188086133028276,Motorola,Moto Edge 40,2022,55873093040,62237677
193843458725918,Lenovo,Tab P11,2025,44530635805,64065434
750311626392182,Oppo,Find X5,2023,08658055043,30589024
624931062080095,LG,Velvet,2021,14248106396,14828280
522372444066567,Sony,Xperia 5 IV,2022,87934907800,73816991
870642472260168,Apple,iPhone SE,2024,87713732845,03222937
108712940363632,Samsung,Galaxy M54,2022,56866879515,78877125
072772548862144,Realme,C55,2021,60674511581,49373630
163050095948162,Realme,C55,2024,72604131900,09403252
266635005711269,Apple,iPhone 15,2023,30696338700,77116200
892412755718362,Motorola,Moto Edge 30,2025,21839682140,74059518
045662000950335,Realme,Narzo 60,2025,69666681250,22081176
698377611383506,Huawei,Nova 11,2023,15484745845,06405287
047317092210137,Google,Pixel 8,2022,89928189803,52620465
944452693672582,Lenovo,Legion Y70,2023,00181901030,02194505
870049661782235,OnePlus,10 Pro,2018,40448820021,10976360
293054241965562,Vivo,V27,2020,44594955207,43092573
968952944381549,Lenovo,K14,2021,80934256594,96140661
476256299435088,Oppo,Reno 8,2024,53566592960,19655444
695911338016582,Oppo,Reno 8,2025,35027096372,74164009
056028326051551,Nokia,C32,2021,45389395956,21920526
903147777972998,Huawei,Nova 11,2020,04699866891,85450270
195599077089720,Vivo,Y36,2022,02041811943,67087831
467955597606483,Sony,Xperia 1 IV,2024,04897118980,21195983
505343644251201,Motorola,Moto G52,2023,66906338455,03264014
253495871935626,Xiaomi,Redmi Note 11,2021,22410294243,89343369
601380773526208,Nokia,C32,2022,48170572703,75824827
916022618089969,Vivo,Y36,2023,53501993749,17799727
203336334105654,Nokia,C32,2025,23397830117,58469068
520730306457003,OnePlus,11,2019,21447406583,29917627
501078776947096,Nokia,G42,2019,14176522763,20358351
638096216679335,Vivo,V27,2021,83748290101,50868872
923969586543674,Asus,Zenfone 10,2021,51692118137,68472504
038377047481255,Asus,Zenfone 10,2025,31933080051,45586455
755898583620107,Sony,Xperia 1 IV,2023,45115293889,83788907
047441888648353,Huawei,P50,2022,26320010568,22084216
926366682920943,Apple,iPhone SE,2019,73053257165,50679598
169087796920385,Sony,Xperia 5 IV,2018,17801480112,63325498
801141306855286,Oppo,Find X5,2023,50328917460,34101309
217267527426890,Vivo,Y36,2020,21316309568,09578583
347130723963466,Nokia,C32,2023,54574695064,70207462
148569121987136,LG,K52,2023,80557822610,83139472
499616162762373,Oppo,Find X5,2018,46871003681,85882461
530782017007105,Huawei,P40,2025,69213420692,45275923
387035352009373,Xiaomi,Mi 11,2020,18662435785,14976922
935852648104276,Motorola,Moto Edge 40,2024,26478679683,86771504
060050930155059,Xiaomi,Mi 11,2021,80573663700,87334857
117407783250198,Lenovo,Legion Y70,2024,79059878418,23737009
251053936284962,Sony,Xperia 1 IV,2025,88772005530,55517997
370559318974126,LG,K52,2022,96285868743,57590019
829469681732561,OnePlus,11,2018,88295201360,54276928
479562204190406,Realme,Narzo 60,2018,90069979600,12857687
647459220084668,Asus,ROG Phone 7,2019,60253542782,78762513
501643899866295,LG,Wing,2019,80209441763,22188266
481440330122610,Vivo,Y36,2021,52553053088,68882302
254623943896810,Nokia,G42,2019,20614155126,61855962
699493793730359,Lenovo,Tab P11,2023,49412088388,06538876
699438999560079,Lenovo,Tab P11,2024,71959838113,84349791
457325000885475,Sony,Xperia 5 IV,2024,11913522938,10971017
443340535378019,LG,Velvet,2024,66275862823,70228190
449226791187729,Xiaomi,Redmi Note 12,2020,10225915090,61529587
477629964419959,Vivo,V27,2021,42259417957,61672422
214315490467408,Huawei,P40,2022,99441460214,61565792
249229251991268,LG,Velvet,2023,90431861390,87219979
167828474860450,Xiaomi,Redmi Note 12,2020,85056127957,67320016
422597606883671,Huawei,P40,2019,23526805571,42889665
347159587090859,Huawei,P40,2024,47004814556,40571562
327606084114459,Asus,Zenfone 9,2024,96327750079,05811164
077723522415952,Oppo,Reno 8,2025,24591207455,12674328
125322634562137,OnePlus,Nord 2,2022,33398078257,53984474
751331400748971,Realme,Narzo 60,2021,43695078049,00979642
879392640126489,OnePlus,10 Pro,2018,54281476954,38984792
830776872675856,Google,Pixel 6,2021,82699073598,72088394
686200835508509,Samsung,Galaxy S21,2020,95373545988,52385380
812748832755981,Google,Pixel 6,2021,52346953601,37901177
365856544920202,LG,Velvet,2020,63319029029,34407521
929523686565403,Vivo,V27,2020,65610736811,33279258
481866741163141,LG,K52,2018,05690828700,60381339
391568508390757,LG,Velvet,2025,15284864042,09406823
559793470925450,Sony,Xperia 10 V,2025,93619891036,45346303
515294076689670,Oppo,Reno 10,2021,56479684494,66290542
773151255268710,OnePlus,10 Pro,2020,10044135645,31811947
867027924296791,Nokia,X30,2023,46827590518,09615430
426603278208652,Lenovo,K14,2025,42652658808,31340418
915080799331553,Google,Pixel 8,2021,63528094567,28496381
624954193089992,Vivo,V27,2022,23970580811,59786054
185646487599540,LG,K52,2021,70982995881,29452136
930528932140408,Realme,C55,2020,45955840834,14444368
780603446999024,Realme,Narzo 60,2019,56832376537,14614093
391583980602806,OnePlus,10 Pro,2023,02744451746,05353796
086704912261124,Motorola,Moto G62,2019,77647319000,24004956
268718568793129,OnePlus,Nord 2,2020,51880904144,15835790
242541750879672,Google,Pixel 7,2025,59065385509,00116021
829490240865693,Lenovo,Legion Y70,2021,46992513907,50353771
438315316971677,Samsung,Galaxy S23,2022,36158980790,76189757
807596213130180,Lenovo,Legion Y70,2018,34149140006,35902250
813879262514731,Motorola,Moto Edge 30,2024,13956565509,33368468
380527419736281,Sony,Xperia 10 V,2023,93596695040,31564764
395486220710431,Xiaomi,Mi 11,2020,25308347689,03649857
723825117246710,OnePlus,10 Pro,2019,34740766809,17489859
599199372828924,Google,Pixel 8,2024,69504658237,34559821
834978082941493,Lenovo,K14,2018,86658313393,02986686
540624481914696,Google,Pixel 8 Pro,2023,52876037467,27995090
099294392139084,Nokia,G21,2020,39000114608,33271111
344315259748555,OnePlus,11,2020,84080202423,92807269
967521931555924,Apple,iPhone 13,2022,89685674337,89935144
995113663565276,Asus,ROG Phone 7,2020,56596429261,51335204
321185549864829,Huawei,Nova 11,2023,44154126024,80065861
433466504840434,Samsung,Galaxy S23,2023,90437159213,38600765
459880567297977,Huawei,P50,2018,98912295560,73134143
261531969351551,OnePlus,11,2022,47401692821,81588970
738769576897920,Vivo,Y36,2022,98525013994,13287778
112802651342830,Sony,Xperia 5 IV,2019,04310717560,61444182
782646443937441,Apple,iPhone SE,2018,13014984400,50398226
133876582101078,Huawei,P40,2018,05747466330,11375153
536563427670300,Samsung,Galaxy Z Flip,2022,54923221925,76026065
001745890571430,OnePlus,Nord 3,2025,54349514848,28010884
370545076256064,Asus,Zenfone 10,2022,21302627406,45654133
650115493627665,Samsung,Galaxy S21,2020,04543534727,59524612
134831091183581,Sony,Xperia 1 IV,2023,24278131500,08797480
781228882696065,Huawei,P50,2022,56925365870,97394832
496713693939701,Motorola,Moto G62,2024,89593953744,66087330
267075960428022,Samsung,Galaxy S23,2021,95144219578,38194227
426439563606325,Oppo,Reno 8,2022,65608702948,12618226
752232918375346,Huawei,Nova 11,2023,52354153880,63585660
981968090143545,Xiaomi,Redmi Note 12,2025,85891166542,64907819
147340322858731,Asus,Zenfone 10,2024,21267803681,99400142
702732947794179,Huawei,Nova 11,2021,49501251845,54344847
654142938601677,Google,Pixel 8 Pro,2024,22613566094,17322887
037584708091120,OnePlus,Nord 3,2025,26131764581,49691843
534502772320865,Samsung,Galaxy S23,2020,99421376960,34937167
923455184543312,OnePlus,Nord 2,2025,40077690443,21115524
859198615919649,Asus,Zenfone 10,2024,35832866690,66655723
069106612910642,Google,Pixel 8 Pro,2020,93411530189,50895715
192183072567302,Motorola,Moto G52,2025,07606158290,32092408
764990147384534,Samsung,Galaxy Z Flip,2018,44996002271,51306073
771020603958201,Xiaomi,Poco X5,2024,56039897937,04507675
553866299652634,Sony,Xperia 5 IV,2024,12729452435,02832619
511263132721999,Vivo,X90,2023,09777693214,60507835
383660173523479,Xiaomi,Mi 11,2024,50277631076,91648005
560927726136466,Samsung,Galaxy S22,2023,02172091499,56933644
493449445884380,Huawei,Nova 11,2024,93656366128,46677801
833904481473859,Vivo,Y36,2018,63726504362,96540721
816470216549028,Xiaomi,Poco X5,2024,35731039607,74405152
111665071715259,LG,K52,2025,77948602704,46331228
308928152781386,LG,K52,2019,24242116632,02036440
307550483205772,LG,Wing,2018,23185801202,02815586
340518941729661,Nokia,X30,2024,75205211504,37584723
292527043650689,LG,K52,2022,98000226600,99473574
993639399857764,LG,Velvet,2022,10025932047,92575699
908406294746716,Nokia,C32,2024,82552272290,35733960
288331306792068,Xiaomi,Redmi Note 12,2022,49725410408,55279988
119447150979651,Huawei,Nova 11,2022,49533309270,34951792
069684058215472,Motorola,Moto G84,2021,65016984131,97714559
776449566415511,Xiaomi,Poco X5,2024,40029293103,93000284
491680094218928,Nokia,G42,2020,03512740731,97324411
173290173448009,Asus,Zenfone 10,2019,37208359369,58642909
710751128932383,Lenovo,K14,2018,18075847393,54357848
780670962731450,Realme,C55,2019,65789843999,37583820
542655923209494,Oppo,Reno 10,2021,45254719990,48363744
100810588071998,Samsung,Galaxy S22,2021,50224059890,09633363
232798024332139,Apple,iPhone 13,2023,35560087777,70314813
366085396876471,Samsung,Galaxy S21,2021,60211299030,77594088
388251699523850,Asus,ROG Phone 7,2019,68714145332,39288603
646597882213977,Samsung,Galaxy A54,2019,31247445941,39888112
859579118092811,Huawei,P50,2025,20893829455,47182450
473499525322665,Lenovo,Tab P11,2018,98272550024,74478294
652953484089265,Motorola,Moto Edge 40,2025,02526578450,98066722
273283025100668,Oppo,Reno 10,2019,35001032431,88174143
503834687447590,Vivo,Y36,2024,33452704203,86632451
962708752203944,LG,K52,2020,65559057355,25876063
319324864274234,LG,K52,2023,34271730971,70503928
224515360752645,Sony,Xperia 10 V,2023,47368414511,80654733
702053957109570,Nokia,G21,2022,80874677955,34649307
254267855711419,Samsung,Galaxy M54,2019,95253197508,31806170
195128506704395,Xiaomi,Redmi Note 12,2019,35726750306,09008817
077854533205990,Lenovo,Legion Y70,2023,23645489851,10593187
622558784037450,Motorola,Moto G52,2024,66443860403,77569936
134032255402085,Vivo,Y36,2023,04832182005,64216332
343650706429654,Vivo,Y36,2023,76950926901,39207474
345220142533107,Lenovo,Legion Y70,2020,83164806620,97633432
026800214078993,Oppo,Find X5,2021,98502972715,31692262
327960604293705,Huawei,P50,2022,62652889206,69663979
754663168675599,Nokia,G21,2023,19420841375,52295934
137215011163109,Google,Pixel 8,2018,72965081593,38797854
593748949214779,Apple,iPhone 13,2022,07738077212,32053753
442701755614986,Sony,Xperia 10 V,2022,51078700230,08594414
399127604970232,Motorola,Moto G52,2020,83571900308,23955833
363554391274843,Nokia,C32,2025,38707574428,12794572
482662447917594,Oppo,Find X5,2020,58132833589,18614509
644232941621241,Xiaomi,Redmi Note 12,2020,44350278443,99828977
993953312299798,OnePlus,Nord 3,2025,13312157900,11642433
991772886259444,Asus,ROG Phone 7,2025,80695935127,54346934
562177363977926,Motorola,Moto Edge 30,2020,76554327401,39605791
984995523361202,Samsung,Galaxy S23,2021,18016490573,09338015
039811401379661,Samsung,Galaxy M54,2019,42142341209,49126019
514760355106403,Lenovo,Legion Y70,2022,27534913993,70505340
543253206901462,Sony,Xperia 1 IV,2019,02574573480,58850388
639126121429966,Huawei,P50,2018,38965816432,61640603
897587950384949,Samsung,Galaxy A54,2023,43203822423,22753162
214924839922346,Huawei,P40,2018,31049498402,47013108
516892036821150,Huawei,P40,2018,47148227992,69948790
695261913810648,Huawei,P50,2022,09675801700,18384724
770660237808528,Apple,iPhone SE,2020,77566032143,56567054
269310153573536,Huawei,P50,2024,83600714708,15002056
356246468252674,Google,Pixel 7,2018,19828399377,93412514
032671600287271,OnePlus,Nord 2,2019,63094843387,75633617
777966678683510,OnePlus,10 Pro,2025,97332181894,92180220
296120026629014,Realme,Narzo 60,2023,05966229880,69866178
900278210844047,Vivo,V27,2021,55743462062,27744587
545438754241123,Nokia,G42,2018,49868672457,17883051
716941014094172,Samsung,Galaxy A54,2019,88977380367,68808456
828135751303512,Google,Pixel 7,2023,03299641514,79333627
159661909711355,Realme,C55,2019,69333759603,69490433
017667648069315,Vivo,X90,2021,40834628848,14449642
052589846193049,OnePlus,Nord 3,2024,49500253330,88396667
898716774476132,Lenovo,Legion Y70,2020,96450791101,88080635
571572253984058,LG,Velvet,2021,58011796402,29936410
863174321900921,Google,Pixel 6,2022,95738227840,73359693
368021084421635,Realme,C55,2023,68242829101,82677674
720006761513512,Vivo,X90,2024,62521618292,07126184
528835976080112,Huawei,P40,2024,41977881858,74421733
959462467204101,Huawei,Nova 11,2021,47039313979,32936701
647404395469240,Xiaomi,Redmi Note 12,2024,80291629873,10377321
469558168255563,Samsung,Galaxy S23,2024,54578880109,47535590
233596640300962,Xiaomi,Mi 12,2020,22991995785,48806185
868728290001409,Motorola,Moto G52,2023,36705205385,07142904
222739187417634,Motorola,Moto G52,2024,15139710269,60820564
137333898094921,Realme,Narzo 60,2025,47759941072,40815565
071708472762041,Google,Pixel 7,2022,79647880430,73075031
132890445952198,LG,Wing,2020,91521872090,44913517
627865828748960,Sony,Xperia 10 V,2023,97408536680,28614754
266924361521275,Lenovo,Legion Y70,2023,41404236503,45324548
924172598853996,Sony,Xperia 1 IV,2020,75029579109,21109481
661516662213051,Google,Pixel 8 Pro,2025,84763105876,45661331
347587410503072,Google,Pixel 7,2022,33255770750,80872021
720827657219810,Realme,GT Neo,2020,53550748124,05923101
485096568340502,Huawei,P40,2018,03174555590,88139076
784285677795303,Huawei,P40,2018,50975147501,10907371
395614153849031,Asus,ROG Phone 7,2021,71842410709,94911341
174488277336548,Realme,C55,2021,53050268140,73066348
123841283917383,Vivo,V27,2025,06252602523,36392934
708525383408547,Apple,iPhone 12,2019,89863877190,36485395
437167392105749,Samsung,Galaxy M54,2024,76558400677,95146985
633107220137386,Nokia,G42,2020,81845648480,51831427
042955572096812,Lenovo,K14,2018,49155552595,35082707
404880855907812,Xiaomi,Redmi Note 11,2022,33615153863,41874198
928767245184120,Xiaomi,Redmi Note 11,2019,63011451516,03650687
496935313639863,LG,Velvet,2020,84861405793,60660280
892317042313477,Lenovo,Tab P11,2025,21668730499,89682744
345443801136958,OnePlus,11,2022,31096747260,88147762
445376266599427,Huawei,Nova 11,2024,14385767734,91895299
377773592426205,Huawei,P50,2019,65131022274,25932231
975035436219522,Sony,Xperia 5 IV,2023,03248649810,79070470
847318600050855,Asus,Zenfone 10,2022,38698110134,76411827
633495022101351,Huawei,P40,2018,56336137325,00146216
105617631358422,OnePlus,Nord 3,2020,30979544068,54492114
735257219791769,Nokia,X30,2019,82927312532,67732083
724372351765294,OnePlus,11,2023,18284722631,86846543
879409546701151,Asus,Zenfone 9,2025,32743156805,71777951
614579205053064,Apple,iPhone SE,2018,25793083774,04402532
491970525251875,Huawei,Nova 11,2021,25737973506,78947639
102511673987392,Asus,Zenfone 10,2020,31593677200,45987013
517338819506758,Vivo,Y36,2023,22451634430,56153345
855428795952022,OnePlus,10 Pro,2023,97860010950,80033882
060798015618459,Asus,ROG Phone 7,2025,68933340017,88654621
465012965007874,Sony,Xperia 10 V,2018,05640718544,18525200
199265093284477,Sony,Xperia 10 V,2020,69065831827,40455198
905767986864990,Asus,Zenfone 9,2019,93070717802,09437706
981550540897827,Oppo,Find X5,2019,93951942274,85047640
220566407625128,Nokia,G42,2024,06362736443,67811346
110476250246329,Samsung,Galaxy S23,2018,88799470950,92440440
764144976918947,Asus,Zenfone 9,2019,65481930161,43737897
626486361494969,Realme,Narzo 60,2022,47866641110,16025684
614186140471570,Apple,iPhone SE,2018,77674247074,68618756
846104761559968,Lenovo,Legion Y70,2025,31010406981,85068226
623365634284582,Motorola,Moto G52,2024,08558320535,15007279
042879841818152,Google,Pixel 8,2024,51225477425,56233191
312101170525111,Nokia,G21,2022,21412073200,47490232
474920503273310,Vivo,V27,2018,66861497568,10035470
160878384097487,Asus,ROG Phone 7,2020,24696555283,73093322
506386106915410,Lenovo,K14,2019,73115739478,46659995
364458327341887,OnePlus,Nord 3,2019,55877309218,78627255
479221168416565,LG,K52,2024,28364664999,42912041
291662674440193,Google,Pixel 8 Pro,2018,92074033230,06954107
240703387224370,Asus,Zenfone 10,2023,43331527807,86711012
412524411039017,Huawei,Nova 11,2020,99108036403,55210590
093262961959574,Google,Pixel 6,2020,11793615802,12125171
925608153906505,OnePlus,10 Pro,2024,76798454682,47530942
888646884749350,Apple,iPhone SE,2018,27508990609,47652357
429300118837677,Vivo,X90,2025,20936043458,79802588
109918030129968,Oppo,Reno 10,2025,63050754095,46136804
650045289877017,Motorola,Moto Edge 40,2024,28258752367,98178736
467682843942153,Xiaomi,Poco X5,2023,07295730362,99307601
268614161120658,Lenovo,Legion Y70,2019,24074910500,91402023
193527399185661,Realme,C55,2021,20283200790,28781728
002156963037932,Sony,Xperia 10 V,2025,65102070606,18014183
292755732206661,Nokia,C32,2023,03302804903,97063984
880977762859163,LG,Velvet,2023,01067392041,27464143
674470060187397,Lenovo,Tab P11,2021,57385692532,28147327
599005825678800,Oppo,Reno 8,2023,20622222546,78111966
176085113470598,Nokia,G42,2019,47796084145,15926200
446270860387801,Sony,Xperia 1 IV,2023,57696331310,09213289
387574539722350,LG,Wing,2023,35267756997,53193269
315547472504013,Xiaomi,Redmi Note 11,2018,91108287298,40743227
926463859759124,LG,K52,2024,31326777289,21374384
184869534668450,Asus,Zenfone 9,2024,86478171094,87977131
557656693593573,Xiaomi,Poco X5,2019,81861910622,54961384
349570772418494,Sony,Xperia 10 V,2020,09960918157,27398477
720690184382393,Realme,GT Neo,2020,84450354958,12785176
971799335386555,Huawei,P40,2018,69443279452,94295923
433845720921895,Vivo,V27,2021,16872229403,66701301
774672323861733,Samsung,Galaxy M54,2020,65088196318,85229066
641818912855014,Nokia,C32,2019,88238567360,31614446
159639509430771,Nokia,G21,2021,57119194151,68821121
396766693902604,Lenovo,Legion Y70,2020,85029893679,49608591
850438084960011,Asus,Zenfone 10,2019,75107660282,20580884
971124773292217,Vivo,X90,2019,63216268489,44495093
092200565780593,Realme,C55,2022,62391611366,15627500
498636863051089,Huawei,P40,2019,51840248670,28757317
093151311291877,Huawei,Nova 11,2024,90923170472,49350003
436407489126394,Huawei,Nova 11,2018,72754488316,55250165
892727151489502,Vivo,X90,2023,34072439959,28833634
605921258362222,Sony,Xperia 1 IV,2018,30810787504,02792834
269939503358197,Google,Pixel 8,2024,44127507870,84322564
591545892069339,OnePlus,Nord 3,2023,44383833900,40599867
876779495917587,Realme,Narzo 60,2024,91448281954,45229522
004939849614088,Motorola,Moto G84,2020,89361633457,27062169
674214923467361,Google,Pixel 8,2020,87358529502,53905477
944176322537506,Sony,Xperia 1 IV,2019,83127974914,92349062
779449817678694,Vivo,Y36,2023,19578012632,14780988
097460439137158,Sony,Xperia 10 V,2018,65764013453,19698842
128385224104773,Apple,iPhone 13,2022,75033797409,34929316
889206778911784,LG,K52,2020,60021674710,89466018
513683792664540,Motorola,Moto G84,2025,16720240307,41348421
837264868494937,Xiaomi,Redmi Note 11,2018,55359239743,57000850
325939597082030,Realme,C55,2019,47181222104,03058426
508479493764383,Lenovo,Tab P11,2018,26687309374,56578362
818694087373020,Lenovo,Legion Y70,2023,87191941103,48487801
729170191148972,Motorola,Moto G84,2020,26598638658,62731587
837544201543257,Vivo,Y36,2018,67925970669,73040804
617503345826228,Sony,Xperia 5 IV,2024,83044658683,13385877
173336055549128,Motorola,Moto G62,2018,99233739163,52164427
634424411196187,Samsung,Galaxy S22,2021,41977164510,79860452
007529723048437,Sony,Xperia 10 V,2018,66231684784,51680061
530354859893472,Lenovo,Legion Y70,2018,03120390267,95209334
640170297085472,OnePlus,11,2022,92920755943,11774696
590954380211463,LG,Wing,2021,13961212856,16719258
061938956360239,Apple,iPhone 15,2020,64090260132,91791909
585730519576224,Realme,Narzo 60,2020,88446955962,65894413
583319482829199,Lenovo,Legion Y70,2018,60764224328,24679162
933738873182118,Oppo,Find X5,2018,92462614109,66008706
598637792543634,Oppo,Find X5,2025,13486587463,18713009
233543351502671,OnePlus,Nord 3,2023,42646128533,23076529
324870079603337,Apple,iPhone SE,2025,34663937365,28598305
936218791906716,Samsung,Galaxy M54,2023,70141574933,82588079
773907707415782,Nokia,G42,2023,32527767150,72834911
652101332964203,Sony,Xperia 5 IV,2024,44222045802,72214397
592312352889965,Asus,Zenfone 10,2019,48501164690,24981791
348944695955004,Xiaomi,Mi 12,2021,90888241003,83528372
273527673061418,Lenovo,K14,2023,74432344814,12909204
051099983305059,Realme,Narzo 60,2022,16509189925,81915829
298578367589040,Apple,iPhone 13,2020,50543808920,67081496
337608455131698,OnePlus,Nord 2,2023,74681231959,08911513
477792429835460,OnePlus,10 Pro,2020,85961135845,75066935
158819584693020,Asus,Zenfone 9,2024,34410331248,58645580
678434571394959,Lenovo,K14,2021,17727196509,56973213
420481132704534,Samsung,Galaxy S21,2019,51910074098,52099117
855773013097018,OnePlus,10 Pro,2023,19095606694,11000022
152012570315828,OnePlus,Nord 2,2020,56625544558,70233439
114047348048591,Nokia,G21,2021,97955806042,94715784
175401687823497,Motorola,Moto Edge 30,2020,47936832823,45656039
696676858559923,Sony,Xperia 1 IV,2018,18671173399,30815674
270670040906036,Realme,GT Neo,2021,02604151111,21662035
448351091136538,Google,Pixel 6,2023,81508632812,59259047
905515182327901,Xiaomi,Mi 12,2018,17889946392,99990073
515498038133300,LG,Wing,2019,95410603826,74929157
160815913122282,Lenovo,K14,2025,43717401890,06991303
163216759584038,Asus,ROG Phone 7,2022,08155583929,27755068
646210357378932,Oppo,Reno 10,2020,61680772350,71204755
542726669816689,Lenovo,Legion Y70,2019,54690085331,90428433
187171988670003,Google,Pixel 8 Pro,2023,03577586508,65323782
490451834812908,Samsung,Galaxy A54,2024,52250023662,18690687
004401218547425,Motorola,Moto G84,2025,74961193852,93791785
235324938979072,LG,K52,2021,27658738603,88522769
448488965784455,Nokia,C32,2022,09035830628,33898096
040967693829552,Apple,iPhone 12,2019,24656003549,57026990
211988949421295,Sony,Xperia 1 IV,2024,83516050691,67295377
452445540036367,Vivo,Y36,2022,17053937135,61325670
106648058666293,Sony,Xperia 1 IV,2019,22899661507,99443634
745098511169649,Motorola,Moto G62,2021,90361492316,36719059
907990810210514,Asus,Zenfone 10,2023,63065044781,32402967
078799006891821,Vivo,Y36,2020,01048476979,43493045
850157523490347,Sony,Xperia 10 V,2023,94924264393,92001606
945245684935930,Google,Pixel 8,2020,46865706897,73674507
395140433213163,Asus,Zenfone 10,2024,86250170880,74638054
644072060427463,OnePlus,Nord 3,2020,80633726974,00308706
792698463444575,Lenovo,K14,2025,53975212560,40150714
318201102614595,Asus,Zenfone 10,2019,94694791303,85980167
068844386210079,Xiaomi,Mi 12,2023,10399817204,38302912
426319649943542,Samsung,Galaxy M54,2019,00529494515,34297846
959763847160013,Xiaomi,Poco X5,2018,04878505486,82130627
806837155656268,Apple,iPhone 15,2020,45641386006,24229819
013531192635759,Sony,Xperia 10 V,2019,14407408367,21853975
891016002907013,LG,Velvet,2022,90674753860,19984252
540263683001367,Google,Pixel 7,2024,90355584484,31505600
288088001081211,Realme,GT Neo,2021,89306715862,91718196
242190473443672,Samsung,Galaxy S23,2024,81014088607,94226598
695908230329668,Samsung,Galaxy S23,2022,46054677268,51985802
557323464604962,Google,Pixel 8 Pro,2023,40373731060,81299861
801504969939987,Samsung,Galaxy S21,2022,33044768659,84912540
262598386765949,Xiaomi,Mi 12,2024,27003905124,00450292
925809740680232,Google,Pixel 7,2019,81091515158,38715255
401705198309455,Nokia,G21,2021,47772616708,64473082
191257535191145,Huawei,Nova 11,2024,42192905670,36527827
728525223046569,Google,Pixel 8 Pro,2023,70036483770,19760620
834339365454002,Sony,Xperia 1 IV,2024,63330361883,74571240
099675752542114,Realme,C55,2021,34652875096,06030545
454444746082333,LG,K52,2019,45398031902,48183069
216404976054545,Motorola,Moto Edge 40,2022,45120564917,72559200
625661992708819,Google,Pixel 8,2020,35728261795,32219675
439006658333757,Huawei,P50,2023,25235610423,78662583
613964195905703,Nokia,G42,2019,98068610197,82570032
757547933061771,OnePlus,Nord 2,2019,31197797173,39542551
530303499452873,Apple,iPhone SE,2021,85437399421,21853670
916055836219407,Realme,C55,2019,85154579704,16434702
400260537516951,OnePlus,10 Pro,2020,64257788810,15094062
456984425197550,Asus,ROG Phone 7,2019,36546447320,56366359
448921035248229,Xiaomi,Mi 11,2024,09293112809,25826257
582295377137688,LG,K52,2019,87111100581,33772439
994515728802268,Nokia,G42,2025,03932499999,26376459
595348032598902,Xiaomi,Redmi Note 11,2024,13413649760,61185890
571025291867188,Sony,Xperia 5 IV,2021,06818833918,50006141
498828204464762,OnePlus,Nord 2,2025,55326975823,86436552
635272073377514,Nokia,C32,2023,32809265054,72079013
213590734927152,Huawei,P50,2018,84057202510,62480843
051498718358089,Apple,iPhone 15,2022,44274749690,78234031
981126998750089,Sony,Xperia 10 V,2021,95849453270,94956064
441412862222717,LG,K52,2020,19830583945,35558268
227746611604066,Google,Pixel 6,2018,37568237257,01424340
476120180522364,Asus,Zenfone 9,2019,78048443449,86156371
632444927417498,Samsung,Galaxy Z Flip,2018,98596458921,78586615
209546552341186,Apple,iPhone SE,2021,83050451530,71174820
380574101965742,Huawei,P50,2019,03644465606,47084393
405117608849346,Samsung,Galaxy M54,2018,59597207443,28272895
401623497196483,Huawei,P40,2023,80681515597,98720835
054023908330862,Xiaomi,Redmi Note 12,2022,98542963008,45986976
324459090414706,Lenovo,Legion Y70,2024,35620833518,14693953
916329710036771,LG,K52,2023,62155077505,37313963
967472465449959,Samsung,Galaxy A54,2023,20927855674,43023534
812431619399940,Motorola,Moto G62,2025,66791908513,01937146
786176494045406,Vivo,V27,2022,61006018344,50044576
802983939285835,Nokia,G21,2020,41834270456,25718442
819521458539263,Sony,Xperia 5 IV,2024,52764610238,19576915
840458430559153,Vivo,X90,2023,58178401703,27579565
856928140922799,Vivo,X90,2024,56081618234,33995489
446649747248983,Asus,ROG Phone 7,2024,12966839740,88315497
450715448266691,Huawei,Nova 11,2024,65611660860,85223074
842904990535963,Lenovo,K14,2023,59678738996,97310377
379670653506404,Oppo,Reno 10,2018,89017008164,93042524
799903819410379,Huawei,P50,2021,49129786983,45609001
938300486173331,Google,Pixel 7,2019,53648688006,81947931
500695216591015,Xiaomi,Redmi Note 11,2023,79250970510,86259508
127208576310684,Google,Pixel 8 Pro,2021,78736158631,48659688
731485580721897,Huawei,P40,2019,45292158224,49458785
168027157749357,Realme,C55,2023,78924345850,27299450
945474989074053,Google,Pixel 8 Pro,2022,57246459391,97735148
997597192069697,Xiaomi,Poco X5,2018,28924333984,27195830
544053663153352,Nokia,X30,2019,89439091606,13630654
933572507709534,Asus,ROG Phone 7,2020,61686230605,07748790
852733595156312,Xiaomi,Mi 12,2019,45053625409,16979315
003038448588127,OnePlus,10 Pro,2020,37508086600,53948255
690192487234771,Huawei,Nova 11,2022,63927210455,78919465
112340652307894,Asus,ROG Phone 7,2024,55364838544,24050042
856012641337612,Oppo,Reno 8,2019,11501335111,74078253
532696727077588,Nokia,X30,2023,60255862334,58327639
069562286569744,Xiaomi,Poco X5,2020,69072644123,15200855
177267438508165,Oppo,Reno 10,2023,47385597378,86137310
373779594636914,Huawei,Nova 11,2020,58493878111,18583015
423201139616628,LG,K52,2022,65203698538,27236818
711291053739864,OnePlus,Nord 2,2024,85455425935,98469145
707005775635201,OnePlus,10 Pro,2018,02457563100,07583740
980957377075375,Huawei,Nova 11,2019,59514546628,78154965
793395769287953,Google,Pixel 6,2022,34308579880,55446889
968417433201933,Huawei,P40,2024,68730086990,56689003
138962035257661,Oppo,Reno 8,2024,07499752704,22399856
884031672999241,LG,Velvet,2025,69434900441,18070021
192414524891195,Sony,Xperia 10 V,2025,20958520526,41680041
238283740472013,Realme,Narzo 60,2021,17961575383,46067970
877632759101550,Motorola,Moto G52,2025,67301708165,63293522
251629243992373,Oppo,Reno 10,2020,67041654605,91790155
024120310219862,Google,Pixel 8,2023,51491110589,30282069
112472543195104,Google,Pixel 6,2021,03634442034,38044345
490030496303261,Realme,C55,2018,63607567140,06841404
162763048002075,Samsung,Galaxy A54,2023,44309334806,20226068
427211463543406,OnePlus,11,2022,57219558724,91288438
714743755502484,Sony,Xperia 5 IV,2024,53321249375,81262515
911338180230147,Motorola,Moto Edge 40,2024,75788458455,04203652
277312733957934,Realme,GT Neo,2018,74839996083,71985282
772335973517790,Huawei,Nova 11,2024,74286059383,79308039
027456574119683,Oppo,Find X5,2020,37532881601,39235323
967382294371008,Xiaomi,Mi 11,2025,05610906610,40601224
475527077802596,Apple,iPhone 15,2022,70694815357,06498103
806962616922111,Apple,iPhone 12,2020,44140072750,30918610
417224493796261,Motorola,Moto Edge 40,2025,97965423588,30207957
832570887576493,Vivo,V27,2023,89300267531,96627049
831223792322208,Asus,Zenfone 10,2025,80766960382,08035627
667327096154932,Realme,GT Neo,2024,08181548450,10033899
896194897038100,Apple,iPhone 15,2022,15737280985,94069173
237501830332680,Nokia,X30,2025,19719350695,99594775
850323197125574,Samsung,Galaxy S22,2022,80258810599,37164145
925545628394146,Samsung,Galaxy M54,2020,87111064763,43121327
518376919067222,Asus,ROG Phone 7,2025,31671857240,58475602
710310393568734,Realme,Narzo 60,2021,62907466933,11059897
898445094609133,Oppo,Find X5,2018,14554017818,73568330
904734136080751,Google,Pixel 6,2019,57647101706,61144438
681601140624581,Apple,iPhone SE,2023,67704479750,19210390
573467095894895,Apple,iPhone 15,2019,20569381037,55868195
619123763980943,Xiaomi,Mi 12,2025,57136042682,58312886
439407318910362,Xiaomi,Poco X5,2018,99370572139,20508046
403959828312914,Motorola,Moto Edge 30,2025,37567064430,87497341
288499512573028,Vivo,Y36,2024,48832200449,22295372
939513179599222,Oppo,Find X5,2021,28810208013,87841909
456473063698150,Apple,iPhone 12,2024,67171812812,48711509
940322108617576,Xiaomi,Redmi Note 12,2023,58529979001,65031498
762146504373153,Huawei,P50,2025,48795542272,93672569
037421752084393,Apple,iPhone 15,2021,20309014824,48331888
403456010272023,Xiaomi,Mi 12,2018,04454158860,26495113
694239934897456,Realme,Narzo 60,2019,21386472697,37354570
291406809978169,Samsung,Galaxy M54,2023,30938863843,62109422
048127955728423,Sony,Xperia 10 V,2020,61011320720,89028174
377945580434258,Sony,Xperia 1 IV,2020,62446916449,15026462
922668086719170,Vivo,X90,2022,65789946020,28015717
057596266626840,Asus,Zenfone 9,2020,80287433404,15226333
905739859630336,Xiaomi,Poco X5,2021,19104827228,40314712
255424169766318,Apple,iPhone SE,2019,84736309393,25490506
833363852175106,OnePlus,Nord 3,2023,91663260958,44401905
886277012063490,Vivo,Y36,2018,75631791196,52698351
948614842503354,Google,Pixel 8 Pro,2021,17264313638,86965763
147202472630718,LG,K52,2022,28656325477,29268614
402058443371583,Xiaomi,Redmi Note 11,2022,88789196759,43004464
778505559347810,Sony,Xperia 10 V,2020,55252998019,34330951
258450194276463,Xiaomi,Redmi Note 11,2022,81755628110,46854008
630052480237590,Vivo,Y36,2025,07364102442,39707130
903193295042641,Oppo,Reno 8,2020,58818399608,29546097
291593533546376,Lenovo,Tab P11,2020,19681517024,46278602
440799220605284,Apple,iPhone 12,2024,92688466593,76845696
378892613616481,Vivo,V27,2020,68656179322,00450963
766072879075453,Vivo,X90,2020,85524662600,47646252
883370464413215,Sony,Xperia 5 IV,2024,28426176143,60342258
519059658567358,Samsung,Galaxy M54,2024,35939196802,94353635
579295802510722,Lenovo,Tab P11,2021,25541194229,83590400
514263857397499,Realme,Narzo 60,2022,08138340150,10118019
458541920899394,Samsung,Galaxy A54,2024,13310300218,97108134
284505448627727,Xiaomi,Redmi Note 11,2023,99981619590,53510432
590075066934985,Apple,iPhone 15,2021,81906032483,76341316
993704552789226,Realme,Narzo 60,2020,47383765869,92508134
885678410154082,Apple,iPhone SE,2021,95856261798,91358812
072247753432102,Sony,Xperia 1 IV,2019,13106313102,50929612
959084960722419,OnePlus,10 Pro,2020,44841889027,92230830
438981755782339,Google,Pixel 6,2022,80969814399,37280680
843080208183451,Xiaomi,Redmi Note 12,2023,29309504471,20828407
945902476101522,Apple,iPhone 15,2019,81006050841,73377343
402262680475275,Huawei,P50,2024,55368274483,61687251
494460736468093,Google,Pixel 6,2023,31393903606,53203952
217527865649409,Google,Pixel 8,2020,57971034350,87226405
771442741027581,Apple,iPhone 15,2021,02616649721,24653431
445433347293069,Vivo,Y36,2020,76658534128,16495018
473676987033449,Realme,C55,2020,15777678610,25416034
992729066715871,LG,K52,2018,64647273628,17985562
190838595713861,Samsung,Galaxy S22,2021,33176636938,11033694
524088125701412,Vivo,Y36,2023,50596540523,07384212
460755800794756,Google,Pixel 6,2021,08221045985,63020651
151339008494152,Xiaomi,Mi 11,2021,99674575707,97449712
987297469958919,Motorola,Moto Edge 40,2018,86745290464,47425519
283647348837156,Sony,Xperia 10 V,2021,43746700507,55175228
246360168879060,Huawei,P40,2023,90220493103,39450307
387475752704048,Vivo,V27,2025,78122887813,01591434
931838434579550,Huawei,Nova 11,2021,12626838314,79988446
269624583310169,Oppo,Find X5,2024,04496777371,53821878
118246382067943,Xiaomi,Mi 11,2021,33620307008,86984198
688795308711936,Motorola,Moto Edge 30,2025,83358516547,81394237
358186556219710,Apple,iPhone 15,2025,94342123592,60036995
454241680407211,Apple,iPhone 15,2018,65376976033,17055605
052075322710144,LG,Velvet,2025,55575030644,54420060
845544833895806,Huawei,P50,2024,29708994855,71994612
863944605171036,Lenovo,K14,2020,05998090357,88044775
910232729769069,Oppo,Reno 8,2022,46089748587,98261082
109033164714270,Google,Pixel 7,2024,48978899285,77455491
161550844165729,Apple,iPhone 13,2024,03028272504,36000888
989657567910579,Samsung,Galaxy M54,2025,83266527763,13467677
575520397763508,Apple,iPhone 15,2025,01895189101,23612206
705300029400872,Realme,Narzo 60,2019,39560011090,53563490
289232580267632,Vivo,X90,2024,63573073603,68812186
832662612728446,OnePlus,Nord 2,2019,68572856676,07442415
190080250898393,Sony,Xperia 10 V,2021,22888780615,12024723
460145763552524,Apple,iPhone 14,2018,00750111909,19228713
660772958240104,OnePlus,Nord 2,2018,66500708741,73995658
832163644685603,Asus,ROG Phone 7,2022,99118920772,76020515
806784521127121,Apple,iPhone 14,2021,60225941546,55528348
036647251648607,Google,Pixel 7,2025,52456729102,36473597
031575751740334,Asus,ROG Phone 7,2023,38698947689,15139974
614482790948355,Realme,GT Neo,2021,43566303780,94722882
718672343196994,Apple,iPhone 13,2022,44102386807,27021478
817149696663645,Huawei,Nova 11,2022,37840362362,88863084
349367409171843,Lenovo,K14,2022,74965340213,85245090
726918673041435,Xiaomi,Mi 12,2022,99040337730,79044073
057038450187758,Sony,Xperia 1 IV,2022,41114686409,95851580
158154199081672,Apple,iPhone 13,2020,41456304089,97844988
312335130547769,Xiaomi,Mi 11,2020,40199951330,57333554
848878750999709,Xiaomi,Mi 12,2020,54042684505,18963606
152848134947703,LG,K52,2021,20982826133,27223458
675213375687712,Lenovo,Tab P11,2020,04033330160,50144372
076598378058848,Google,Pixel 6,2018,00671289209,35484336
912658141251438,Oppo,Reno 8,2018,53351515103,20923685
469316972342726,OnePlus,Nord 3,2021,50192775685,30804705
866767745926437,Xiaomi,Poco X5,2024,66374423054,80994870
714365879196854,Lenovo,Legion Y70,2025,16982212076,24218188
301039241192513,Asus,ROG Phone 7,2020,56643914051,40009086
906829569942431,OnePlus,Nord 3,2021,45569355391,27915462
275273323058675,Huawei,P40,2021,25430666599,96466901
327605181014721,Huawei,P50,2023,72147884383,14403346
346118773141703,Xiaomi,Poco X5,2021,46017706888,91601148
015089525237352,Vivo,Y36,2020,53784102581,86098870
767131268478645,Realme,Narzo 60,2024,90190203668,56953262
651129008246931,Realme,C55,2019,97201035665,82772701
121527062083641,Lenovo,K14,2024,13223321853,04479901
194350591436713,Sony,Xperia 5 IV,2022,29126742802,39762989
882422166565329,Google,Pixel 6,2019,41230308156,93655891
977766981831241,Oppo,Reno 8,2020,38554660501,45012597
551068550675349,Nokia,G42,2018,32895104689,43336334
354054453012628,Huawei,P50,2024,85452855742,09505918
161966149721103,Google,Pixel 6,2021,40361515685,60402022
389769492124071,Sony,Xperia 1 IV,2020,43869907711,85198489
168839055172231,Realme,C55,2019,30121798607,50428243
213177990641165,Lenovo,Legion Y70,2019,20020067330,31646967
876222387839049,Apple,iPhone 12,2020,08338687642,86235406
563207534802596,OnePlus,10 Pro,2019,82849113700,11338721
272474798024904,OnePlus,Nord 2,2019,85010713586,26236413
811239658940948,Xiaomi,Mi 11,2024,26072446922,68779175
938396826517659,Sony,Xperia 5 IV,2025,08327677608,60951898
343616382114639,Sony,Xperia 1 IV,2024,80122327748,06730799
639815667508174,Lenovo,Legion Y70,2021,71899790934,63652759
786322279273817,Lenovo,Tab P11,2020,58719094264,37999030
533198898554054,Lenovo,Tab P11,2019,41187264245,19152965
177537167179082,Realme,GT Neo,2022,95706168490,66707787
984659594293588,Apple,iPhone 13,2018,18517664809,86383116
814289660614835,Huawei,P50,2025,98818525875,23429490
267158993698366,Apple,iPhone SE,2018,92913536042,19658735
303393937621817,Motorola,Moto G52,2018,18667565911,93400149
710031867854444,Apple,iPhone 12,2021,49443821540,85951212
631129386483800,Huawei,P40,2018,14006855249,32103965
407747163104667,Sony,Xperia 10 V,2019,31367777275,30489525
156635215945942,LG,Wing,2020,36982531864,42621418
759438645090827,Nokia,C32,2020,77128503560,10423605
886719041128559,Huawei,P40,2019,05950074572,69219989
281387848907522,Google,Pixel 8 Pro,2022,80666882100,45044428
266131234331549,Nokia,G21,2022,56323307022,95817071
192720418244228,Vivo,X90,2021,41959798707,65447865
061995514457864,Realme,GT Neo,2024,54279058121,71795858
752762731674349,Samsung,Galaxy A54,2025,28318630238,87883738
470034484935537,Apple,iPhone SE,2024,17278177537,15404784
809536524533592,Apple,iPhone SE,2019,77716163809,95028526
887755159399670,Oppo,Reno 8,2024,38503038536,25071073
540192708363306,Asus,ROG Phone 7,2020,73946894097,25759751
837376133805579,Vivo,V27,2019,85355007317,47067547
908039530125880,Google,Pixel 8 Pro,2019,74912091065,83510327
779902926036315,Lenovo,K14,2020,49940700679,74792047
802143432479610,Nokia,G42,2018,11519323530,27157477
686858704000710,Asus,Zenfone 9,2023,44136385730,84711533
003514713939285,Google,Pixel 6,2019,71893539849,17852588
278884655044832,Xiaomi,Mi 11,2018,46999108749,87548043
298939207936042,Vivo,Y36,2022,84670310852,19601163
457719627305809,Motorola,Moto Edge 40,2024,39460858066,76242748
938397060779327,Nokia,X30,2022,61256253626,81583883
763423096908726,Xiaomi,Redmi Note 12,2020,77043234824,67006302
758751096676247,Realme,C55,2021,54988457311,33816428
064460285503026,Lenovo,Tab P11,2020,59104540301,67204873
829266024884921,Nokia,G42,2018,80821415654,78020013
382969679181673,Realme,GT Neo,2023,14234256501,34529099
352750945338391,Oppo,Reno 10,2024,67404619882,90771517
978431360475867,Realme,GT Neo,2018,10354691201,98945325
237471245020327,LG,Velvet,2023,22583260286,50687199
450145034679413,Huawei,P40,2018,50739015508,62383653
518548536130792,LG,K52,2025,52146244259,21218358
414863638066178,Motorola,Moto G62,2020,35893621115,81178747
281902489360825,Realme,GT Neo,2023,97465127491,75373933
727561559363559,Xiaomi,Redmi Note 11,2025,93966682575,56090572
077112526795266,Realme,C55,2021,38102511605,46791003
199735785149135,Huawei,P50,2024,51092350152,89171263
802946785206031,Realme,GT Neo,2018,39962064457,87926502
160142828925249,LG,Wing,2019,01201864623,38982569
032883425132513,Sony,Xperia 1 IV,2021,17161787203,24220443
234282130597623,Realme,Narzo 60,2024,99397467255,65941546
641473710475170,Lenovo,Tab P11,2018,73399558953,61034815
608380777259715,Oppo,Reno 8,2022,68889693126,31512327
297167041263436,Realme,GT Neo,2019,73367779105,26258531
903172244481214,Huawei,P50,2019,17132377094,42737396
398391363555569,Oppo,Find X5,2021,35503580168,92142682
563063168024268,Sony,Xperia 5 IV,2023,22985241308,73077632
600042669549249,Nokia,G42,2023,04735798633,71512672
054439554941211,Motorola,Moto Edge 40,2022,09989350507,45331882
469096857793444,Sony,Xperia 5 IV,2019,09643121151,94523668
082536569682153,Lenovo,K14,2022,32997253357,46652762
589599979858212,Sony,Xperia 10 V,2024,28971354925,92748536
845070230335896,Apple,iPhone 12,2023,75972428598,60231362
030839849915794,OnePlus,11,2019,81875588574,20625591
043716900344519,Sony,Xperia 5 IV,2024,29732586508,46586414
991661927327910,Apple,iPhone SE,2025,71035604981,50851356
611352246205509,LG,Wing,2022,12200558244,46244449
302007909025186,Oppo,Find X5,2023,43770311124,80161531
297059780225222,Oppo,Reno 10,2024,18200616550,50443012
327735266847067,OnePlus,11,2020,20750173106,70625532
867171201634183,Xiaomi,Redmi Note 11,2021,64110267188,57448730
977386687324658,Oppo,Reno 8,2025,15707363750,98999394
990050075719498,Sony,Xperia 5 IV,2018,32867462746,02171477
578994547640848,Samsung,Galaxy Z Flip,2019,55811248920,52148341
493624324365202,Apple,iPhone 15,2018,72666717879,54282155
641808443042025,Google,Pixel 7,2020,88142391503,47890084
401129577766409,Samsung,Galaxy S21,2023,51478146206,15013120
060967229904686,LG,K52,2018,99454140116,66766609
455372003344737,Vivo,X90,2024,13840921538,65230844
594136682341921,Huawei,Nova 11,2019,26549546842,03224486
243860177627059,Motorola,Moto G52,2020,11293701432,81980972
222663860697548,Huawei,P40,2023,98796610794,11092937
765030604433589,Motorola,Moto G52,2019,15677854336,48609817
347269774516909,LG,K52,2022,41378326768,76327917
627256487694127,Motorola,Moto G62,2020,84722759901,55948153
519697110470292,LG,Velvet,2024,17942646203,66528777
824420521134198,Huawei,P50,2024,05403332553,42740010
401446533569229,Huawei,P40,2019,43460967781,35960015
571081988123368,Google,Pixel 7,2018,97219642393,17682747
546776273333773,Asus,Zenfone 10,2021,10860773000,47903275
491715541294844,Sony,Xperia 10 V,2020,03357818027,95093540
351865810998953,LG,Velvet,2021,04137764760,17824595
374724106350700,Motorola,Moto G62,2024,41172400482,19714385
449758758314230,Vivo,Y36,2024,99301319900,12208739
894415891314856,Realme,C55,2020,06682410476,79095886
459265857663599,Nokia,X30,2019,29963166490,54256394
477181216912242,Samsung,Galaxy S23,2020,44042747930,05071795
765145905880722,OnePlus,10 Pro,2022,28397110100,84749517
210156033593706,Motorola,Moto G84,2020,69196183977,63227523
835738503822784,Google,Pixel 7,2023,74586936304,00585414
497346746881110,OnePlus,Nord 3,2024,50139746234,68223758
273879931553696,Google,Pixel 8,2023,48298931505,13903392
185887323647930,Google,Pixel 6,2022,54780453909,00067043
313968764234907,Sony,Xperia 1 IV,2022,08464135076,99373088
623402508220820,Google,Pixel 6,2022,91125711566,59405080
654335621335429,Xiaomi,Poco X5,2021,41198513039,53626857
644594291314637,Realme,Narzo 60,2020,34504290782,02698919
064468570071267,Huawei,P40,2022,53623359602,75733784
297127928915499,Huawei,P50,2025,98862274866,14738558
911984079102189,Xiaomi,Redmi Note 11,2024,24060552640,06634654
735095208457843,Oppo,Reno 8,2019,08996919780,68312710
113051953837712,Vivo,X90,2024,30028712064,23504326
925917464720301,Nokia,X30,2025,74858501051,91474459
832785071920817,LG,Wing,2023,32051625522,35046343
092705453768847,OnePlus,10 Pro,2024,30538060530,47806730
733839157592826,Motorola,Moto G52,2021,31261216083,12038565
531832076660321,Lenovo,Tab P11,2024,09306013515,26398510
085876219264161,Apple,iPhone 14,2023,62738094295,27492783
826641013735641,Samsung,Galaxy S21,2024,30340796480,36061416
754406413343441,LG,Velvet,2021,35371444408,93399405
267465027415363,Asus,Zenfone 9,2025,17904675358,27008835
898818764016672,Nokia,X30,2021,14425153170,47978349
955034154213691,Oppo,Reno 8,2023,51549798340,58432582
172422849220564,Sony,Xperia 1 IV,2025,74075397157,03037721
983842303985300,Samsung,Galaxy S23,2021,88180652890,57316881
956629290868404,Realme,GT Neo,2023,88819811146,30152865
278627758017367,Vivo,V27,2018,50393260844,42533286
614013034599802,Vivo,Y36,2018,47178721855,47010699
304143468394953,Sony,Xperia 5 IV,2023,35985824802,75359911
917729152045243,Realme,C55,2025,47341746521,90640320
028232977052436,Xiaomi,Redmi Note 12,2024,93194085131,95940410
709911322403336,LG,Wing,2020,06741397205,04554887
392089716942720,Realme,GT Neo,2018,61614987157,11711897
992611473334443,OnePlus,10 Pro,2022,89613331948,80556077
115004520390105,Apple,iPhone 12,2018,32896297758,40289591
012806450183604,Oppo,Reno 8,2021,65476692541,72030815
540601421123696,Sony,Xperia 1 IV,2022,33130985255,85523086
289185749929961,Sony,Xperia 5 IV,2024,41283013533,77153569
442695168994221,Huawei,Nova 11,2023,78217427674,75258966
765195584963476,OnePlus,10 Pro,2019,02349342123,57174201
957130026385273,Oppo,Find X5,2019,95906448489,39138835
546822533712196,Motorola,Moto G52,2023,43864685443,63099102
796238949240327,Nokia,X30,2022,39966340300,55179150
949429338196465,LG,K52,2025,78688499322,82823600
522305580191176,Realme,C55,2021,06694566913,93905750
989956002091095,Sony,Xperia 10 V,2021,73640471660,46710191
754211716442424,OnePlus,10 Pro,2018,90684094924,48818178
639074823306137,OnePlus,Nord 3,2025,61418006025,66841349
025099079779583,Apple,iPhone SE,2025,87630615116,24422865
419833388783962,Huawei,P50,2021,40729364054,41684679
922931069513512,Nokia,G42,2021,41060183226,14989596
445771367879023,Motorola,Moto G84,2022,50613137477,05108988
682944602379457,Huawei,P50,2019,52003308407,69756331
405603177359871,Samsung,Galaxy S22,2020,21238441360,69894004
094050728878828,Lenovo,Tab P11,2024,22553481870,48431228
927053862807838,Asus,Zenfone 10,2020,41430552107,67306524
908389379063472,Vivo,X90,2022,63687686574,26585428
143507626491451,Nokia,X30,2020,92757415140,60643239
491438879870374,Oppo,Find X5,2019,61460794214,26056801
505582857617869,Huawei,Nova 11,2018,26481456800,78820741
944498309976129,Motorola,Moto Edge 30,2020,78389779838,87968645
087488226300257,Samsung,Galaxy Z Flip,2020,79761515257,10539144
528742946895292,Samsung,Galaxy A54,2021,26646050627,72559725
146642026790479,Realme,Narzo 60,2020,95836517290,12420254
559674019370725,Sony,Xperia 10 V,2021,92851465465,76558668
751382813066263,Motorola,Moto G52,2018,42367176205,96115384
132086283913033,Huawei,P50,2022,66403197053,19755071
244088745835625,Realme,C55,2024,87527448091,48222340
320421947198622,Realme,GT Neo,2021,34899086946,12770475
320590820232740,Asus,ROG Phone 7,2025,10243554389,70394568
474141037429921,Oppo,Reno 8,2022,35807396383,71643236
917500203904846,Motorola,Moto G52,2024,23783240905,29580650
004722034293987,Huawei,P50,2019,84944076436,35866570
052366371505317,Apple,iPhone 14,2019,26090647489,43676897
522072911906795,Samsung,Galaxy Z Flip,2019,59864679147,92807739
211542367184517,Lenovo,Legion Y70,2018,70577185195,63240548
184005117491381,Sony,Xperia 1 IV,2019,39809355904,23337739
411217155689259,Apple,iPhone 15,2022,46442802167,60568613
953133469502750,Realme,GT Neo,2024,43702885170,05307881
952802717577022,Google,Pixel 7,2025,32773779541,63187720
503245873503518,Asus,Zenfone 9,2023,56293056620,99119402
867543120312700,Asus,ROG Phone 7,2023,75188707039,28824352
081147204734407,Oppo,Reno 8,2022,10787522902,09656396
328700286881640,LG,Wing,2020,93784571778,34205443
658547282320663,Lenovo,K14,2025,03815304695,09887686
117505575958602,Samsung,Galaxy A54,2021,45365729889,10530226
390621928583573,Vivo,V27,2018,77581717887,54672172
888475166492008,LG,Velvet,2022,56328641117,58909048
129615648313949,Oppo,Reno 10,2018,45950837266,33857276
825670350843660,Motorola,Moto G84,2024,26540183690,66480797
775899349520904,Xiaomi,Redmi Note 12,2023,86790582894,32063627
903173490516747,Huawei,Nova 11,2024,02367818479,71905910
734853640412908,Vivo,X90,2024,75839592099,06732605
804520236116472,Huawei,P50,2018,06458430833,25501775
655043534067570,Oppo,Reno 10,2021,53208667477,55790054
289472758185507,Vivo,X90,2024,13365382879,88837823
094035521095986,Realme,Narzo 60,2022,71986083888,93216843
214233418594645,Motorola,Moto G62,2019,06105050259,67725199
033647836115955,Nokia,G21,2022,15786516709,14679890
677508478972380,Samsung,Galaxy S23,2023,82547790580,36236617
580931954864035,Xiaomi,Mi 11,2020,52451045396,07912560
362038588410829,Motorola,Moto G52,2018,24701040509,60942953
384032819300590,Apple,iPhone 15,2021,00828443998,00987996
843576033409997,Realme,GT Neo,2018,35893387767,60892413
360662668697624,Realme,Narzo 60,2019,20445659947,12451555
656867438564038,Vivo,X90,2018,57913031905,96064145
476764526623875,Samsung,Galaxy S22,2019,45749447065,84709779
802685127251972,Sony,Xperia 5 IV,2018,52780579714,17270488
120228273894095,Nokia,C32,2019,46658996733,12849830
815850799618593,Samsung,Galaxy S22,2021,42939790850,46986935
516488316638550,Vivo,X90,2023,75120471501,02437422
964361462242885,Realme,C55,2019,36573120132,30164313
249719157131746,Oppo,Find X5,2022,31227380070,26169301
889557801675552,Huawei,P50,2025,46131613982,86814426
793290211003973,Realme,GT Neo,2018,25462836856,18229666
064388783529779,Lenovo,Tab P11,2019,78785793930,36110737
291687327445693,OnePlus,Nord 3,2025,87852651798,66710736
124952886331954,Apple,iPhone 13,2021,83966313448,12231083
258204355420035,Realme,GT Neo,2025,08818479504,05022210
549124540302338,Lenovo,Legion Y70,2018,84275031482,82315288
745349897243809,Vivo,V27,2024,98897779913,86322732
659998671263472,Motorola,Moto Edge 40,2023,21848742568,92223905
371575334674115,Sony,Xperia 5 IV,2020,41347421963,37615773
624046617039134,Google,Pixel 7,2025,88814696772,36093982
820297174344403,Apple,iPhone 15,2022,86927167900,54969980
738295655844894,Lenovo,Tab P11,2019,86951907650,95892786
845891372703753,Samsung,Galaxy S21,2021,19693886844,05839857
471934332475640,Sony,Xperia 5 IV,2021,25295748472,45564431
377891705936392,Vivo,V27,2023,32977063684,76212074
922638328531339,Sony,Xperia 1 IV,2023,78359491135,65803361
286847530055431,Sony,Xperia 10 V,2019,70577595920,15669580
328668270053414,OnePlus,Nord 3,2020,99456938166,21359189
882709453580914,Apple,iPhone 13,2025,57494032207,74061605
688669194840027,Vivo,V27,2022,78547195351,93409239
492008597729382,Huawei,P50,2025,98492995920,23165121
661201409983153,Lenovo,Legion Y70,2024,91636252451,07084659
019924955550155,Huawei,P40,2025,84220033688,03058238
424797928643674,Motorola,Moto G62,2025,70711698376,34896085
614856575568712,Oppo,Reno 10,2019,34950226860,56928292
244828770192858,Motorola,Moto G62,2022,70148781667,97326782
303045825685533,Nokia,C32,2019,38796462442,65784123
252478105450663,OnePlus,11,2024,08610900800,52634476
704192278759028,Nokia,G42,2022,61561937908,13117078
990570104880622,Google,Pixel 8 Pro,2025,95810126561,13971517
817948494255152,OnePlus,Nord 2,2018,43902935081,45052319
992902698382569,Asus,ROG Phone 7,2024,14357922208,13128448
315138395991299,Apple,iPhone 15,2018,00608098507,62482562
678819935022336,Xiaomi,Redmi Note 11,2023,39239017470,02501274
031422203212697,Vivo,Y36,2024,01148715312,65042843
840870652314755,Samsung,Galaxy M54,2025,98546008078,25587085
667516065773261,Apple,iPhone 12,2023,96819281803,30014393
108751142533749,LG,Velvet,2018,49046723054,39001823
592734083617965,Lenovo,Tab P11,2023,24571111371,50627503
535786433562856,Motorola,Moto Edge 40,2020,20774610719,78803289
128014050996488,Motorola,Moto G84,2023,89918972580,56044114
157837277978777,Vivo,V27,2018,10099661705,14972447
590035001034098,Google,Pixel 7,2018,20371514118,33353514
253229458646643,Nokia,G42,2018,80717032736,65999974
433673057274945,Apple,iPhone 12,2018,72833013566,91868196
688567408968743,Nokia,C32,2024,89220595249,42688525
028198917629410,Samsung,Galaxy S22,2024,69584009419,05402217
090194316367674,OnePlus,Nord 2,2024,25632260747,12624361
643252478157537,Samsung,Galaxy S21,2020,82071762290,45979516
223374233217949,Oppo,Find X5,2019,78679080640,26850164
188206464625366,Sony,Xperia 5 IV,2025,55226514581,29472550
600772169721219,Vivo,V27,2023,94173639724,01944712
788065406720233,Realme,Narzo 60,2024,59896199280,79123398
408562969819707,Asus,Zenfone 10,2021,25255235393,86121111
972461456490986,OnePlus,Nord 2,2020,31085057267,50094880
722860569089337,OnePlus,Nord 2,2019,09480557908,85200528
515338453148371,Xiaomi,Redmi Note 11,2025,91592507476,89718479
438209691489748,LG,Velvet,2018,97912320830,05716822
365795898000003,Nokia,X30,2019,42907305077,85255647
614245042917837,Vivo,X90,2022,99256220695,09298710
051652346978170,Motorola,Moto G62,2023,75708097507,76114435
700137225427991,Lenovo,Legion Y70,2019,14471311425,30231069
780084311817938,Google,Pixel 6,2021,88457770578,42326094
362523307191224,Sony,Xperia 5 IV,2024,99765037848,39576289
348606228263117,Apple,iPhone 13,2022,23732399060,69653772
762524029772677,Oppo,Find X5,2022,68324527800,23043619
384722957195369,Apple,iPhone 15,2022,82168303517,25163515
164141397665965,LG,K52,2021,47816665156,41658371
891185706669922,Huawei,Nova 11,2023,51305548418,64612746
024357498543795,OnePlus,Nord 2,2019,25978463506,87072582
594103813846850,Lenovo,Legion Y70,2020,20528679708,04755809
113600439373273,Asus,Zenfone 10,2020,14754737105,73278467
433795191962498,Realme,GT Neo,2020,55074524156,10168718
682127879926403,Nokia,G42,2023,44077288258,75096672
498047728629053,Lenovo,K14,2021,47525060924,95447795
181646573194448,Google,Pixel 8,2023,48122208584,97314947
357451191545123,OnePlus,11,2024,15979568727,67337483
201636664055334,LG,Wing,2022,03063220302,81600925
382604371131081,Lenovo,Tab P11,2023,44632550582,30993361
540917855084539,OnePlus,Nord 2,2024,62749857279,06907258
093581779545977,Xiaomi,Mi 11,2024,22704076367,58594244
927325676511476,Realme,C55,2019,49639899305,30600152
281266335202715,OnePlus,Nord 2,2018,19701236211,73691645
712468510495372,Nokia,X30,2018,55789389902,60615112
699423442910109,Sony,Xperia 5 IV,2025,52216309230,66349074
315567216373473,Motorola,Moto G52,2022,53856761950,02663812
492370539616031,Realme,GT Neo,2023,99608783763,88698690
414324623720297,Nokia,X30,2024,15071760746,47313558
837270065457205,Nokia,G21,2020,27968382343,57402207
749107847607327,Vivo,X90,2019,43755871483,56844413
610282165133658,Realme,GT Neo,2025,28628093060,78853847
460455092558848,Nokia,G42,2022,93507101459,87032635
597076557134574,Motorola,Moto Edge 30,2021,45519250715,98745140
009155370415652,Apple,iPhone 13,2020,63054582191,11376918
637778693018243,Motorola,Moto Edge 40,2019,46019979415,74128615
335545332575629,Oppo,Find X5,2019,91673578063,70240842
026907004857700,Asus,Zenfone 9,2024,36396524287,71652077
762825735531999,Nokia,C32,2021,65674414378,50984451
237290347153597,Google,Pixel 6,2018,94515262777,84831364
046326712251505,Samsung,Galaxy Z Flip,2025,28440797923,74631987
754294030643454,OnePlus,Nord 3,2023,40685752313,98385424
318668116372469,Vivo,Y36,2021,01395026882,13889648
746283382529420,Huawei,Nova 11,2023,77617593406,55582380
778446667569468,Xiaomi,Mi 12,2019,53112577680,98172851
600651719674009,Huawei,P40,2023,90167545981,01466876
064950448514774,OnePlus,11,2018,03211193120,07749182
675791809181855,Vivo,Y36,2020,88701684760,83880101
736641592795866,Xiaomi,Mi 12,2023,41730235379,98870906
527960887284141,Lenovo,Tab P11,2024,35872878729,02879046
410981122687998,Oppo,Find X5,2024,24620506478,28340123
610367359237179,Motorola,Moto G84,2021,23486657941,22985334
347527867483365,Xiaomi,Mi 11,2021,63206857007,27506131
207350831435242,Xiaomi,Poco X5,2021,75790166644,50754620
703395463643201,Google,Pixel 7,2018,31256675776,72302990
757822941515077,Google,Pixel 7,2018,94129418386,88362661
490925921738564,Nokia,C32,2018,84563018090,78552288
587928349115810,LG,Wing,2018,76692998603,27361927
189531946910137,Realme,C55,2025,56182903759,75261262
380148908344650,Vivo,Y36,2020,61335492038,47608247
892433856511807,Apple,iPhone SE,2022,71064986536,62246477
699585545162894,Vivo,Y36,2022,39331800584,78684634
