045993815351171,LG,K52,2021,10591416638,87431056
302721618356677,Nokia,X30,2019,15375374749,17667681
261977518344904,Vivo,Y36,2018,10831493348,93321114
025386164777872,Motorola,Moto G62,2022,09058466302,92835921
135371784648805,Asus,Zenfone 10,2024,85265002790,38595632
979022861863901,Xiaomi,Mi 12,2022,76460323445,48345383
496890095478541,LG,Velvet,2022,02416853031,08853262
056516274503529,Nokia,C32,2025,29162335472,15089945
530364627080688,Vivo,Y36,2023,60393280888,46259360
279276035606886,Lenovo,K14,2024,63906681475,98365991
845195528505851,Lenovo,Legion Y70,2022,59489264946,98657672
036475154670013,Huawei,P40,2025,51541784758,00179570
870776408801148,Asus,ROG Phone 7,2023,57844930942,00167785
780454757619480,Nokia,G42,2024,99531317755,53263062
677387467923058,Samsung,Galaxy Z Flip,2022,40500925810,08619823
189352554203159,Apple,iPhone 13,2020,66903079807,17074390
443053619795102,Lenovo,K14,2023,58876451641,45522859
127767492672224,Nokia,C32,2024,63296159428,75176553
290834897518334,Huawei,Nova 11,2025,56926252700,63410774
376299672083313,Lenovo,Tab P11,2021,33351881959,89557231
113080426675372,Samsung,Galaxy S22,2023,62951726520,08086368
829100054463703,Sony,Xperia 5 IV,2018,20211180882,93508289
833914234528944,Xiaomi,Redmi Note 11,2020,13907000030,10224487
995828491778155,Apple,iPhone 14,2022,03038941646,09974103
718079808618147,Motorola,Moto Edge 40,2020,22660662347,90631428
029942017045154,Realme,GT Neo,2018,99270572960,78055836
098954833219270,LG,Wing,2019,71485106605,96952229
708955277037647,Oppo,Reno 8,2019,69051112521,87602704
196961991317617,Asus,Zenfone 9,2023,90569338689,16505042
848710749846085,OnePlus,11,2021,43056594090,44007348
276866973853782,Huawei,Nova 11,2024,55067096330,46778621
550161418576622,OnePlus,11,2020,65246560406,47167026
128030184439211,Motorola,Moto Edge 40,2024,04319107314,94818994
942242924774006,Realme,Narzo 60,2019,19376496876,00634644
868119657263196,Realme,Narzo 60,2025,68418902990,04695397
958028116043162,Realme,GT Neo,2019,44017965601,67304056
319025394662939,Nokia,G21,2019,70983361142,32626117
129097803939120,Vivo,Y36,2024,08591569407,15544790
923077407083918,OnePlus,11,2020,98351329924,48689548
929368436038963,Sony,Xperia 5 IV,2019,10297455362,16351013
050315102405322,Huawei,P50,2022,67229833400,85087335
249903399467101,Huawei,Nova 11,2021,67522485916,48399541
590589495514019,Sony,Xperia 10 V,2025,85737474712,01355227
458949335423245,Sony,Xperia 10 V,2019,34961283053,91301067
283493047027480,Realme,GT Neo,2024,80850054680,76937611
118621400604001,Asus,Zenfone 10,2025,17723132387,86166902
007195674973390,Motorola,Moto G84,2024,34917288606,88326715
374084791575150,Vivo,Y36,2024,05615719290,15628852
072928799547979,OnePlus,10 Pro,2021,45871166962,54896034
199007488608177,Xiaomi,Mi 11,2019,66961929052,78655143
055426311333394,OnePlus,11,2024,93285928360,74308430
502224993313977,Asus,ROG Phone 7,2022,78984617709,51410360
747813800286966,Realme,Narzo 60,2022,62975737785,11938277
156504398354984,Lenovo,K14,2022,55057594753,69853743
574852224792476,Vivo,Y36,2023,73728521965,66445617
025811903173832,Samsung,Galaxy S21,2024,22584031469,60606303
693190041321188,LG,Wing,2021,67284437898,62584016
533908904522791,Google,Pixel 7,2018,82883361592,77289926
086707970712758,Lenovo,K14,2022,69759646455,87466708
080516121175128,Motorola,Moto Edge 30,2018,84421750751,80924234
373753251657158,Oppo,Reno 10,2020,96914243476,67230929
935603665449374,Realme,C55,2018,73862089959,19501168
834654009937475,Samsung,Galaxy S21,2020,26648009659,26864273
323694427718041,Nokia,G42,2021,82522037366,16654166
121092341284516,Google,Pixel 6,2025,33858418528,39176108
274099570596238,Apple,iPhone 13,2024,48115305430,12270315
985573071343024,Realme,C55,2019,06527397925,71612676
721563450941820,LG,Velvet,2024,82167900236,00143127
856704487463174,Asus,Zenfone 9,2021,57796823134,42204725
941010804650467,Lenovo,K14,2023,53759487459,99911697
395352467814023,LG,K52,2025,33373183200,46272573
265019822085897,Nokia,G42,2023,78653736603,36001216
531176482018244,Xiaomi,Poco X5,2019,64887708378,28799328
811705809390411,Samsung,Galaxy S23,2023,04772742182,64260991
133192832584882,Motorola,Moto G84,2022,32843863600,84574644
582823079547284,LG,Velvet,2020,44125632782,71238720
735514906438634,Motorola,Moto G62,2018,88347419000,61971690
826563907673303,Xiaomi,Mi 12,2021,88715625427,22394726
552636355423580,Huawei,P50,2022,79870055095,07836749
341241312623922,Samsung,Galaxy S22,2021,92760136795,17811827
294848182261513,Lenovo,K14,2018,73668762830,23763377
354602760940149,LG,Wing,2018,31236376544,62945100
319825931360873,Apple,iPhone 14,2018,30594250781,81910767
738905852829987,Apple,iPhone 14,2023,25661611277,72068833
356267846313315,LG,Velvet,2020,78733358281,01854641
909070130773178,OnePlus,Nord 2,2024,96692709520,91696605
466277479524529,Asus,ROG Phone 7,2018,30081468997,18319514
443498476797457,Google,Pixel 8 Pro,2022,45310484159,41162164
201019126889468,Samsung,Galaxy S21,2024,20148323154,31732997
673110916963726,Nokia,G42,2018,38693756125,95541776
215308163219024,Realme,GT Neo,2025,67150326293,09924761
768699561617772,Apple,iPhone SE,2019,35643893002,15230216
218111365519773,Oppo,Reno 10,2025,40644839449,77979158
087410268550856,Nokia,G21,2019,61329360923,38183393
503929164001139,Sony,Xperia 5 IV,2019,86079062674,96202660
083624224231161,Vivo,X90,2021,24023946257,90666626
094867560913086,Sony,Xperia 1 IV,2021,13613760746,01485775
365227283952193,Sony,Xperia 5 IV,2021,29559459864,54438865
941519122314299,Vivo,V27,2022,97400465767,81495210
379944630375115,Huawei,Nova 11,2018,78521292775,77617964
115723957994626,LG,K52,2019,57345761401,44691024
567685708250719,Samsung,Galaxy S21,2019,32958315053,05424848
280061477015560,Nokia,G21,2022,81999356187,01937562
699362260640276,Asus,Zenfone 9,2024,10015255824,37525505
311342917080088,LG,Velvet,2024,97344085003,15207360
140476636738349,Apple,iPhone SE,2023,98278445397,11492478
725076720069333,Oppo,Reno 10,2021,96203644579,95284182
406827436514354,Asus,Zenfone 10,2019,96430281604,96158279
243175090778257,Asus,ROG Phone 7,2018,34679747161,79433223
237733534388413,Apple,iPhone 15,2019,75603812516,79849458
714005794301210,Samsung,Galaxy M54,2020,44852672458,20657521
413161588702461,Motorola,Moto Edge 30,2024,57737484108,39806124
228392627042101,Google,Pixel 7,2022,94124067208,52751149
653128959102819,Huawei,P40,2025,67231114601,99489600
470314079760723,LG,Wing,2022,32681696356,98766711
186945852769386,Oppo,Reno 10,2019,35989424000,36442281
355769340721221,Motorola,Moto G62,2018,02668341671,35534942
020667564148910,Asus,Zenfone 9,2022,93244374964,46515124
598074760754332,OnePlus,Nord 2,2019,37314144907,50432791
216809945963220,Asus,Zenfone 10,2022,62552279872,42876656
572582979623523,Asus,Zenfone 9,2022,11553041526,80499511
256627902511812,Lenovo,K14,2023,41658660838,52851029
619432902378024,OnePlus,10 Pro,2022,72116543258,87165332
674913860662326,Apple,iPhone 12,2018,84348793107,16481760
073052138579824,Google,Pixel 6,2022,44050127172,42566235
493380354527137,Huawei,P40,2025,15823499671,51262820
438441850176559,Google,Pixel 8,2025,59849352361,19282814
773987305393640,Vivo,V27,2022,33415661989,81667447
577236062779592,Nokia,G42,2020,40008350922,21292672
652687132861383,Samsung,Galaxy A54,2022,84616229287,13323039
667700028219506,OnePlus,11,2025,53832768238,12460073
233274047434316,LG,K52,2021,81930483260,73331762
243519840802508,Apple,iPhone 15,2022,90910596646,13038733
107054528873761,Xiaomi,Poco X5,2018,51924043475,30959226
031123530983362,Asus,Zenfone 9,2018,14904168704,75810292
270507508469717,Apple,iPhone 13,2022,22149319535,91081706
327778594789355,Google,Pixel 8 Pro,2018,63723625703,84380788
611094496362174,Realme,Narzo 60,2020,64976353001,33007983
044432696847552,Google,Pixel 8 Pro,2020,33776592931,44560778
332492741736271,Motorola,Moto G84,2022,63357083965,99135694
450621534236448,Sony,Xperia 1 IV,2018,84828774106,42482246
832891831374488,LG,Velvet,2019,56231190005,14676878
895865810728689,Google,Pixel 7,2022,25315098796,67497499
490442160924736,Vivo,X90,2020,58401698383,35617695
807722469134029,Motorola,Moto G52,2018,66630009509,15095341
474985374835131,Google,Pixel 7,2021,83949012125,91673541
852101259422898,Motorola,Moto Edge 30,2018,71631298402,97727809
020587067864441,OnePlus,10 Pro,2018,75159089128,74945406
183462980673521,Nokia,G21,2020,07515887680,59238736
538065788795475,Huawei,Nova 11,2020,37134758575,24481529
511871260617971,Xiaomi,Redmi Note 11,2025,50260433560,97061651
802553590566319,Asus,Zenfone 9,2019,15182028709,50401824
847647069253379,Realme,Narzo 60,2024,12721348140,50624076
348010012844462,Motorola,Moto Edge 30,2025,11569546738,59393281
966193060110705,Google,Pixel 8,2023,93647853712,89382688
242899437378769,Realme,C55,2018,06525218195,76984056
350655149986420,Asus,Zenfone 10,2019,80258803703,66911065
283922257299405,Google,Pixel 6,2018,93404908007,29680897
897426957105509,Nokia,X30,2023,19408256794,08998528
408298187281920,Sony,Xperia 10 V,2021,72165049920,05550206
783211807782534,Motorola,Moto G52,2021,72835054588,55249142
913334017156196,Xiaomi,Mi 12,2022,59834234600,02368867
104269100613682,Realme,GT Neo,2021,77108907097,75904411
629583993661588,Samsung,Galaxy S21,2018,02771521008,94921937
001935217448865,Sony,Xperia 10 V,2021,92471860133,64067102
711325384167356,Xiaomi,Redmi Note 12,2018,54298615537,21598666
183496265631591,Apple,iPhone 14,2020,09046505103,91206183
704829713693783,Sony,Xperia 5 IV,2021,04067073089,86003411
070858580443556,Sony,Xperia 1 IV,2022,94254674473,72127706
657738457233098,Motorola,Moto G62,2023,33329632526,99560422
367208513574582,Apple,iPhone 15,2023,75659261590,07325480
380734304807117,LG,K52,2023,80397351739,42772872
455198921697236,Xiaomi,Mi 11,2019,67076409763,42922763
651398271112798,Samsung,Galaxy S22,2025,71309191913,63278717
436181924596936,Xiaomi,Mi 11,2019,35008994557,13163566
713763071951657,OnePlus,10 Pro,2019,71201062101,23228308
155963814484845,Oppo,Find X5,2022,19512731177,77849416
442165495079067,Google,Pixel 8,2022,58390358662,97364062
448366256905575,Google,Pixel 8 Pro,2020,50923151303,26682452
912349836983255,LG,Wing,2023,84209013005,09403097
002045528723811,Nokia,X30,2018,89727066046,57528195
770015586533069,Oppo,Reno 10,2022,16160309684,40836910
039959724293055,Samsung,Galaxy M54,2021,43061192700,42360969
304269373433073,Lenovo,K14,2022,83899949170,10509835
355909479789806,Sony,Xperia 1 IV,2025,45423693900,43193230
240892536521845,LG,Wing,2021,68816863234,76458253
509363607608018,Samsung,Galaxy A54,2019,21239494777,80473538
459739894368142,Xiaomi,Redmi Note 12,2018,19429331345,86294860
778184901044391,Sony,Xperia 10 V,2019,77239684695,39974254
283168885136715,Vivo,Y36,2018,30263569993,41736776
096552755502994,Sony,Xperia 5 IV,2018,72899072560,76121783
385445018564035,Realme,Narzo 60,2018,30843776269,74670454
355008079336474,Vivo,V27,2020,64551691402,56453735
618442095531129,Realme,GT Neo,2022,09773510840,45076676
202482580128962,Sony,Xperia 10 V,2018,32075407592,99088288
186650143770943,Lenovo,Legion Y70,2023,59335154261,14062284
818330227760746,Xiaomi,Mi 12,2019,54389836234,13668609
055640703902428,LG,Wing,2018,31564314197,28729480
426977067538168,Google,Pixel 6,2018,57134974618,56166206
166760954010283,OnePlus,11,2025,13940050407,27257704
508619559997531,Realme,GT Neo,2023,61317455100,38069543
589941955525425,LG,K52,2018,40710133626,40663089
163733042018011,Oppo,Reno 10,2023,02131181574,37166876
855531154517319,Huawei,P40,2020,47661689766,22917579
746806217010146,Motorola,Moto G52,2023,18739646505,24939517
511951436172744,Lenovo,Legion Y70,2020,33710940222,80804015
264679440956665,OnePlus,10 Pro,2024,41597194069,13409214
624461873207340,Asus,Zenfone 10,2019,48841665904,26247825
234163698867154,Lenovo,Tab P11,2019,27191484233,70220842
139101376362117,Motorola,Moto Edge 40,2022,20710027680,26094163
354118285157749,Google,Pixel 6,2020,88489613630,05817659
964985672475838,Samsung,Galaxy M54,2019,22834879435,84080061
058851667953314,Samsung,Galaxy S21,2020,88452655878,58361134
448682669132740,Oppo,Find X5,2020,07883843508,70086746
471572865101540,Oppo,Reno 10,2025,66221131570,97022342
709760751648011,Asus,ROG Phone 7,2021,94943107486,58879232
067936986828767,Lenovo,K14,2019,07384076153,33886121
672050773283372,Realme,GT Neo,2023,88758428500,61641843
451569503235400,Xiaomi,Poco X5,2021,32735935981,90277201
791828609738216,Asus,Zenfone 10,2019,10555470539,63621045
687430550464597,Samsung,Galaxy A54,2018,76601838500,97438932
207000576203531,Motorola,Moto Edge 40,2022,68233295302,08419038
978965988528358,Vivo,X90,2022,36300702642,61145026
742911233244918,LG,Velvet,2020,15087206069,12804185
913413564988373,Google,Pixel 8 Pro,2020,09389941660,92736585
582240073088731,Apple,iPhone SE,2021,49131158803,98042698
228884942864845,Motorola,Moto Edge 40,2022,87199340257,11654731
739936461221660,Sony,Xperia 1 IV,2024,79012499518,83376046
543396537507055,OnePlus,Nord 3,2025,09324499300,93603519
348682481473696,Apple,iPhone 14,2021,23034689900,85046669
194528401193234,Motorola,Moto G84,2023,73819854975,57155354
285204241287470,OnePlus,11,2018,06915583963,46452001
075101020710296,Oppo,Reno 8,2024,76551596371,06117069
383108484572023,Vivo,Y36,2019,30412412420,57993262
383980456239788,Samsung,Galaxy Z Flip,2021,69559509756,02066726
546025884527264,OnePlus,Nord 2,2019,75606991705,91384445
333697472956115,Vivo,Y36,2020,07455313691,81797886
443973820538294,Google,Pixel 7,2024,38732524307,01835514
259597361228502,Xiaomi,Mi 11,2019,83552109994,40558026
501109850975168,Google,Pixel 7,2019,57387790299,33784114
936403427997106,Oppo,Find X5,2025,27580618990,39435966
402457548239515,Motorola,Moto G52,2019,55240724474,67573463
079437558387212,Realme,GT Neo,2024,80356658473,08630489
993704552789226,Google,Pixel 6,2024,22014614148,26412551
369415803432165,Lenovo,Legion Y70,2018,03488274900,81087779
142379941031644,OnePlus,11,2019,51813438218,20987340
756779655438606,Vivo,V27,2021,52601358149,58902862
057174961458661,Huawei,Nova 11,2025,30082647003,69605351
705389562673153,Sony,Xperia 10 V,2018,82549841310,86773458
812894811026695,Nokia,G42,2020,22360464051,74126377
900311047549709,Sony,Xperia 5 IV,2018,81918412901,58937155
467624456208065,Oppo,Reno 8,2018,67549310009,88503521
088513807009166,Oppo,Find X5,2022,67940452495,89725978
017502851168608,Apple,iPhone 13,2025,43810457930,71045142
685780168507917,Realme,C55,2018,25512835742,95636679
850580836151929,Lenovo,K14,2021,96309694758,52708400
818111877702209,Vivo,V27,2024,71281997480,30197575
889343235487426,Apple,iPhone 14,2023,21693234491,37890211
562239459236015,Apple,iPhone 13,2024,63576710965,98970852
425436703586601,Nokia,C32,2024,40782032214,54117330
933287809886900,Lenovo,Tab P11,2019,97539090391,25457983
554763125664755,Huawei,P50,2018,28302317594,06778551
592677361162552,Asus,Zenfone 9,2019,63432960425,42140094
325929466273761,Sony,Xperia 1 IV,2025,48077563201,92362859
280761345672138,Apple,iPhone 13,2020,72417497310,57893141
192675590749158,LG,K52,2023,00270795464,95010552
997546961340581,Motorola,Moto G52,2021,97418844786,31549424
043700925384828,Samsung,Galaxy S23,2022,14947328312,28455833
569764551709881,Lenovo,Legion Y70,2019,99299341621,03462083
698911705280040,Huawei,P50,2025,35211912497,74110200
795349513753881,Apple,iPhone 12,2021,60678940843,63919691
940811826049542,Xiaomi,Redmi Note 11,2025,28241654561,54126046
785329604718896,Samsung,Galaxy A54,2019,58564650835,10190110
911014257271572,Lenovo,Legion Y70,2023,15919732369,71983072
258189586903030,Nokia,X30,2020,53965379496,38657079
887337854730476,Xiaomi,Redmi Note 11,2018,77694794879,76297028
322300022779945,Realme,C55,2022,04134206391,70635075
492014583897166,Nokia,X30,2025,64320415701,40018981
398826143785553,Oppo,Reno 8,2023,63704938130,99118586
783056036233445,LG,Wing,2023,05685447817,80672437
445844829997004,Huawei,Nova 11,2018,46488903616,29052239
901172085488129,Lenovo,Legion Y70,2025,42013202199,65192068
899980115628613,Motorola,Moto Edge 30,2021,41589623312,06912164
600529254648876,Asus,Zenfone 10,2025,05589814022,10899402
723595732663424,OnePlus,Nord 3,2020,59350704560,95355251
590986488734473,Nokia,G42,2025,91071459694,45826198
580755360209032,Asus,Zenfone 9,2021,67231936601,70799336
584256543124291,Xiaomi,Mi 12,2021,06847221941,43129424
569642857816112,Asus,Zenfone 9,2020,77822915266,13257337
839927809941392,Sony,Xperia 1 IV,2025,10818799803,72186700
651838173682419,Apple,iPhone 14,2022,98518665558,67143739
530835171865395,OnePlus,Nord 3,2021,06902356157,31532678
916843162890349,Oppo,Reno 8,2019,10507867181,59998804
766085417208402,Asus,ROG Phone 7,2021,01901719367,00269986
895417274015852,Nokia,C32,2023,16981453142,01262829
506066260561552,Huawei,P50,2024,24446194631,48602947
386331273286822,Asus,ROG Phone 7,2023,81256685518,15624006
707339593785347,Google,Pixel 8,2021,38968861935,08602318
668498444425741,Huawei,P50,2024,74141666190,14051265
119941225473065,Lenovo,Tab P11,2018,03314845871,50865584
573240005591769,Oppo,Find X5,2024,55031795280,89384972
649499229985024,Realme,Narzo 60,2024,46325442644,06348650
970326887327212,Asus,Zenfone 9,2020,65062817749,37995256
292620216199774,Vivo,V27,2020,79780441735,81442639
919392020867356,Google,Pixel 8,2021,60394003071,77671448
226724287215402,Nokia,G42,2025,59827638610,52640085
170625672925727,Lenovo,Tab P11,2024,20237878666,05169210
650183230300449,LG,Wing,2025,82462523995,18402325
653240473332843,Apple,iPhone 15,2020,57780367606,64915709
574814115869097,Xiaomi,Poco X5,2020,45908533610,45332080
606286603075162,Asus,Zenfone 9,2022,51888067705,17030367
090771128500379,Xiaomi,Mi 11,2021,95425975333,44421273
379376120882904,Vivo,Y36,2024,12523852934,88035950
656715668400309,OnePlus,11,2023,47117550473,98340065
376758941422021,Nokia,G21,2025,04192127016,06626072
553865798249672,Lenovo,Legion Y70,2022,38708575878,63713455
020389764297967,Apple,iPhone 13,2018,36542252339,62245074
518497421301489,Xiaomi,Poco X5,2020,41447240693,00581438
227361629235425,Vivo,Y36,2024,08172107170,80989442
004279729672864,Xiaomi,Redmi Note 12,2019,69336344005,11649769
597105680832832,Apple,iPhone 13,2019,82375711262,18915815
139861103385449,Huawei,P50,2024,86975287805,53031202
718626854088168,Lenovo,Tab P11,2019,20544270398,12353563
070782257056765,Google,Pixel 8,2022,26937189532,61693050
299131618350452,Vivo,Y36,2020,72088750657,95309076
950916353106513,Oppo,Reno 10,2022,79347307130,90644983
858488341155147,OnePlus,Nord 3,2025,66630704100,80284298
098738727022390,Apple,iPhone 15,2025,07014542028,58416557
423353442732453,Oppo,Reno 10,2024,64339034444,71134344
175291704972072,Xiaomi,Redmi Note 12,2025,51082322687,16240482
388471738893709,LG,Velvet,2020,21250642787,24047773
793770969472094,Lenovo,Tab P11,2022,88284251809,59070963
665400541768724,Motorola,Moto G62,2021,37805936374,74741376
480182274907214,Oppo,Reno 8,2023,96646323178,59345125
159051785620482,OnePlus,11,2020,52748127919,12490685
349957428442165,Asus,Zenfone 9,2025,90171054377,74066184
665328358312260,Nokia,G42,2022,73007188849,13044153
750849916033138,OnePlus,11,2024,41650869673,73620177
380204331010828,LG,K52,2019,22708508407,27607148
834361139502530,LG,Wing,2025,59621521661,45529801
671969878927337,Samsung,Galaxy S23,2019,46820714670,42742663
298980972277108,LG,Velvet,2020,08347051500,33834974
536960658450779,Vivo,V27,2018,84228763880,07625625
453276812037432,OnePlus,10 Pro,2021,15853508423,45413129
936223943392815,Asus,Zenfone 10,2022,47519924068,81792613
556614913824640,Xiaomi,Poco X5,2021,47827903339,36762840
959183013810839,LG,K52,2018,75583354500,10051208
761222840411582,Realme,Narzo 60,2023,76109672467,22955182
454513287762064,Samsung,Galaxy S23,2018,90350038457,50892570
429926649962672,Lenovo,Tab P11,2020,55516103223,40507996
485287308512835,Huawei,P40,2020,59757903876,47719211
749309020220627,Vivo,V27,2025,89796221713,02376045
554373406367886,LG,Wing,2023,25943588191,37112473
676659093686472,Google,Pixel 6,2023,31956744592,65884886
078337636628389,LG,Velvet,2018,02351484070,04439187
415643962473994,Samsung,Galaxy Z Flip,2018,09198649531,88065012
050230367453459,Apple,iPhone 15,2023,46741410872,80896547
385261215840542,Apple,iPhone 12,2020,40907658547,28508615
952120011166530,Realme,Narzo 60,2025,47705189780,07103423
206600171578703,Motorola,Moto G62,2018,80986669725,30512031
079192248422846,LG,K52,2020,46444867878,00896990
055021357741828,Motorola,Moto G62,2025,65703524822,80439525
962619580371587,Motorola,Moto G62,2024,55374076809,07487378
237807249719277,Huawei,P50,2019,14022834153,16569225
628332045510586,Google,Pixel 6,2019,13913802665,73157372
093175838895425,Motorola,Moto G84,2022,40120502143,68867010
165703489523362,Realme,GT Neo,2020,30537524843,56864369
191889421061249,Sony,Xperia 10 V,2019,89173779555,18430667
982930870023584,Lenovo,Legion Y70,2021,33589862920,31706198
359478204016405,Lenovo,Tab P11,2022,77465455308,43660279
877178954127227,Xiaomi,Mi 12,2024,02613009624,69111016
152431729467259,Sony,Xperia 10 V,2023,10457766379,30917691
900882210345165,Huawei,Nova 11,2018,36000600070,32743363
460680471442271,Realme,Narzo 60,2019,12376423880,80805639
211775019780093,Huawei,P40,2021,72165742811,24907647
260851890870653,OnePlus,Nord 2,2023,65179762057,28514117
211549355636528,Realme,GT Neo,2021,28487046592,63123041
414271275606430,Google,Pixel 8,2019,71764042913,89394812
128580401098055,Realme,C55,2023,20145613542,64108423
154311893339170,Apple,iPhone SE,2022,03790396567,79949991
111212670535129,Oppo,Reno 10,2018,04929499992,22838653
128270225203929,Apple,iPhone 13,2024,17760435533,87540622
415551878026921,Sony,Xperia 10 V,2020,07817592772,28599625
911902594088718,LG,Velvet,2024,38848149316,93363115
301238990394529,Motorola,Moto Edge 30,2018,16897056049,41994147
249504180854270,Samsung,Galaxy S23,2021,64895858553,09702929
370917782550676,Realme,GT Neo,2018,73931811778,49435879
882745540712700,Lenovo,Legion Y70,2025,78992589107,19095252
901787546869876,Motorola,Moto Edge 30,2025,67033703465,34878257
812174879771360,Asus,Zenfone 10,2024,34849797636,99527289
515717947292233,Motorola,Moto G62,2018,35239524173,49762238
410670894977700,Xiaomi,Mi 12,2018,19724594300,56633864
561455986244775,Xiaomi,Redmi Note 12,2020,09933083686,41096690
136113655149857,Samsung,Galaxy M54,2023,69973603001,75107269
081006134095436,Lenovo,Legion Y70,2019,78531553520,29397277
266134743154041,Sony,Xperia 1 IV,2018,35448342787,50644937
251815423180901,Vivo,X90,2024,69998358370,97865381
277977545136433,LG,Wing,2023,60124166601,45138095
978743708660268,Google,Pixel 8 Pro,2018,23780691035,67416587
683763340975216,Xiaomi,Redmi Note 12,2021,06877706536,47312966
836033283547224,Nokia,G21,2024,97411922315,87198514
824420521134198,Vivo,V27,2019,46299758538,65402391
163221901624344,Motorola,Moto G62,2018,60836173406,13489030
778888447190546,LG,K52,2024,34147822002,62121874
830265386971188,Sony,Xperia 5 IV,2018,27336701825,41931787
576152463194350,Asus,Zenfone 10,2018,31164192809,37925116
140736256530976,Google,Pixel 8,2023,28652504741,72029340
389430217057036,OnePlus,Nord 2,2020,10689132310,10403577
699096703662654,Oppo,Reno 8,2021,61964189128,34273344
665307935576181,OnePlus,Nord 3,2019,08501145513,58471622
291032711692217,Nokia,G21,2018,96918167170,72639806
755449558572655,Oppo,Reno 8,2020,33240590387,61707680
799175764027195,Vivo,V27,2020,19434295378,48287996
691478138370296,LG,Wing,2022,20453575382,62201197
506411678930668,OnePlus,10 Pro,2020,25378282160,13173098
241448756161299,Vivo,V27,2018,49607885341,29957966
275168859658242,Asus,Zenfone 10,2023,81876110228,46118160
106633606025728,LG,Velvet,2024,96732417088,01281634
997143833866011,Vivo,V27,2020,32328440304,61032639
182820931198743,Sony,Xperia 1 IV,2019,59581138528,32102784
211331942733233,Google,Pixel 6,2025,59582239255,21941963
334681003864348,Realme,GT Neo,2019,61514640449,25685969
824862072428183,Oppo,Find X5,2019,60359564593,82269164
893975692584141,LG,K52,2025,94765148335,52914041
087346241284739,Xiaomi,Poco X5,2025,58534033978,04180387
307413211494060,Samsung,Galaxy S21,2018,03184560791,80557509
116298974210418,Nokia,X30,2023,48538289314,73369583
149619015503188,Realme,Narzo 60,2022,69223608422,66754163
179406407812052,Google,Pixel 8,2022,78177843290,39740310
553447960910352,Motorola,Moto Edge 30,2021,29873671552,61735290
414854234318985,Oppo,Find X5,2020,38857433455,46194855
209372129817203,Samsung,Galaxy S22,2022,58416438510,60385139
700093655734515,Nokia,X30,2021,86398638654,22346858
298333904486843,Vivo,V27,2018,53709528410,98470028
696251994822779,Apple,iPhone 14,2025,20301481806,40452590
589860368789599,Oppo,Find X5,2021,38345310303,04294809
753174159978685,Oppo,Reno 10,2018,02407791851,56274561
198112792025607,Sony,Xperia 10 V,2019,18970021817,95696594
782286089724756,Oppo,Find X5,2020,82002053715,39604497
757314678626003,Asus,Zenfone 10,2020,89341115507,28415284
481941573737297,Oppo,Find X5,2020,00011687380,91797246
138048057435748,Huawei,P50,2020,92873646560,63323223
560789346370624,Samsung,Galaxy M54,2018,62482610168,44003480
540752250644794,Asus,Zenfone 9,2025,52096887631,07577280
422575467695039,Nokia,G21,2021,84861493552,10414986
888602196164188,Apple,iPhone 14,2022,76681556604,21599308
340014650380024,Vivo,Y36,2020,56055299437,70469615
892918360929132,Realme,C55,2023,81313428671,49833660
033647836115955,Huawei,P50,2020,43351581068,37650567
528463915382604,Oppo,Reno 10,2025,83859754114,63393764
165826618747386,Realme,C55,2020,95802216344,19392057
539150735553962,OnePlus,10 Pro,2018,94449543238,71937548
866587500447817,Lenovo,Tab P11,2019,86471690932,13234687
652853269089957,Lenovo,Tab P11,2021,26486781904,61324746
054737866949381,Oppo,Find X5,2024,87988471805,26577610
960396784410340,Realme,C55,2018,97390592796,45423269
829698317306384,Xiaomi,Redmi Note 11,2023,87038786784,38647852
693109851468352,OnePlus,Nord 3,2018,86243431860,49836931
894393971434205,Samsung,Galaxy S22,2019,99994575929,47633357
999995449347797,Asus,Zenfone 10,2021,76603607956,82697426
547244714616927,Lenovo,K14,2021,40444056629,80139926
610481777916215,Google,Pixel 8,2022,02456068823,25010480
643028788548816,Lenovo,Tab P11,2018,32929620803,89840090
955536816367488,Oppo,Reno 8,2025,60188077340,44673790
640039228077691,Motorola,Moto Edge 40,2022,80925327450,37661934
539459483387932,Realme,Narzo 60,2022,66954765350,29703316
479250964193061,Sony,Xperia 5 IV,2020,52659133271,36621096
849000697253588,Asus,ROG Phone 7,2025,18979464576,43019916
882123671714918,Huawei,Nova 11,2018,23561777449,50590579
257752355918318,Huawei,P40,2023,97694361433,42186688
656088717949891,Samsung,Galaxy A54,2022,19777170475,46752438
421839267189637,OnePlus,11,2021,38044254293,76025976
310962142877697,Huawei,P50,2023,29121270090,00170033
169876778863127,Xiaomi,Redmi Note 11,2020,80831153989,18320990
816346578613541,Oppo,Find X5,2019,09243502883,26797321
902559706521200,Oppo,Find X5,2022,31846998034,45581002
886190043310463,LG,K52,2025,65194417837,80245072
271259283373113,Nokia,G42,2022,43625743876,26125168
687282813683192,LG,Velvet,2022,27022505217,11477138
851944194617056,Apple,iPhone 15,2024,40542442540,97146190
291667518792681,Sony,Xperia 1 IV,2024,28362067306,08205159
364124850756728,Oppo,Reno 10,2023,22994410265,60886714
509409986040973,Nokia,G42,2025,98924402420,00539166
051284377357234,Google,Pixel 8 Pro,2018,88711879971,17115555
255440560141458,LG,Velvet,2022,83834070254,41190300
257158465156281,Nokia,G21,2022,64770150725,81456001
709947856880048,Vivo,V27,2023,40771598815,06349048
581287684675017,LG,K52,2019,23621191224,70740927
272401855137753,Apple,iPhone 13,2020,07432658668,19706242
840882515353725,Motorola,Moto Edge 40,2021,67055820308,37186898
147097221791883,Realme,C55,2019,81893486982,22615825
287142050479839,Google,Pixel 6,2024,74883982548,47571201
854117180335514,Nokia,G21,2022,98046910511,28820704
724894930695002,Lenovo,Tab P11,2025,74581066115,13913480
479653983797885,LG,Wing,2025,58757944296,34264033
369080741223084,Lenovo,K14,2022,34025948974,04302455
694569984661366,Motorola,Moto G84,2020,84259252313,75230888
943591440849544,OnePlus,11,2018,63457431000,23200636
849399755679981,Lenovo,Legion Y70,2022,19619810090,68346527
372956795730358,Nokia,G42,2021,65486162863,92659874
808374875777821,Sony,Xperia 5 IV,2022,75211850998,88963907
928772080533471,Apple,iPhone 14,2023,22209498180,94652822
456619875968440,Google,Pixel 8 Pro,2018,13609081880,53988883
285069703030632,Oppo,Reno 10,2021,11288108915,86176642
223397992052219,Vivo,Y36,2020,92779077700,46737664
473402551706182,Realme,GT Neo,2019,17014743104,49394452
268422212157498,Oppo,Find X5,2021,15144635555,81381556
361314604162527,Lenovo,Legion Y70,2022,62627775715,22041743
490240629245629,Xiaomi,Redmi Note 11,2019,44806257478,09754446
206485009426923,Xiaomi,Redmi Note 12,2025,56322071530,55376963
452060760013059,Realme,GT Neo,2019,16080471051,13766518
255250126365161,Sony,Xperia 10 V,2022,84108289285,17967466
861356179656344,Nokia,G21,2020,48067924384,53803228
303469947106025,Huawei,Nova 11,2019,22102326608,09196210
537094673544568,Apple,iPhone 13,2021,52004373938,30876046
302675872091328,Apple,iPhone SE,2018,49413809240,33379917
125252071344541,Motorola,Moto G84,2019,10573481717,06027297
601249312728284,OnePlus,11,2024,50526141875,31013811
126471986833060,Oppo,Find X5,2025,22239395206,57505656
993193600060908,Samsung,Galaxy A54,2024,42416186930,46119360
014643605366017,OnePlus,10 Pro,2021,92852515520,78165806
403584111305631,OnePlus,Nord 3,2022,17925292792,28420094
322468816114853,Sony,Xperia 5 IV,2025,15349474421,73968121
508110198176152,Lenovo,Legion Y70,2021,65642789180,62372999
907166087843013,OnePlus,10 Pro,2020,86914684596,66908496
214435789625728,Vivo,X90,2019,55473203744,57040953
736710774731337,Sony,Xperia 1 IV,2024,74498529189,94552902
165366498612265,LG,Wing,2023,57411888850,32148155
822743367103428,Sony,Xperia 1 IV,2020,41673803660,20219119
158958793548855,Motorola,Moto G52,2022,84262195511,82628175
104404533424233,Sony,Xperia 10 V,2025,00793822823,35978248
436988983365106,Sony,Xperia 10 V,2022,90777949210,61920244
373409926678498,Motorola,Moto G84,2023,44001740001,59797445
248110737512563,Vivo,X90,2023,32364512034,38122755
139466510635264,Lenovo,K14,2021,66670303157,68167603
759412579087592,Oppo,Reno 8,2019,34917703433,00942952
540380081558341,Samsung,Galaxy A54,2020,85461850421,80507340
294171302690418,Asus,Zenfone 10,2018,34538090336,29662751
335150665843303,Realme,C55,2023,08765370856,37304862
557412715441779,Xiaomi,Redmi Note 11,2024,74980692370,46764465
902004105720401,Nokia,G42,2023,26612227826,56847590
808986765654323,Google,Pixel 8,2022,70645984779,10388459
699103733712849,Realme,GT Neo,2025,49254090697,90410633
705327316829811,Google,Pixel 7,2023,52208496205,27849847
582668140465306,Lenovo,Tab P11,2020,37627420733,93849041
968838724729984,Huawei,P40,2023,98338265551,30721349
693335443113157,Samsung,Galaxy S23,2025,22339336724,24563389
709927047890377,Asus,Zenfone 9,2024,23377785760,65537211
681980582228399,Motorola,Moto G52,2024,39291957984,24810684
500593777342324,Sony,Xperia 1 IV,2019,74058110350,83651785
543307312742779,Huawei,Nova 11,2023,77790856600,62163459
064309884720509,Nokia,C32,2020,43415527913,82047539
670930497693238,LG,Velvet,2021,58737404539,39267459
907855758871172,LG,Velvet,2021,95006545984,81933319
212221739182301,Google,Pixel 7,2022,77748462631,18013331
319839770949940,Google,Pixel 6,2022,71138400270,41986056
975903190318622,Vivo,Y36,2020,09772894866,43254186
354630936519525,Oppo,Find X5,2022,81033247014,27937651
023861255769225,Xiaomi,Mi 11,2020,94165296562,41723269
961937622243660,Xiaomi,Mi 12,2019,20337661600,04492286
817175458778587,Google,Pixel 8 Pro,2020,78312682279,61485394
949418373762646,Oppo,Reno 8,2018,82670405797,60759325
527553651122961,Asus,Zenfone 9,2020,62563357080,96653795
492484098643653,Apple,iPhone 14,2022,33234982163,88601120
861350538898648,Google,Pixel 8 Pro,2023,92374518736,12338701
230800797084942,Motorola,Moto G52,2024,26524783700,52958250
406087053454096,Lenovo,Tab P11,2025,97925291605,17012854
546636568563991,Google,Pixel 8 Pro,2018,24417080828,55728975
963789782253771,Apple,iPhone 14,2019,95087092780,24529057
123023602734054,LG,Wing,2025,66673931329,18333635
220274657219659,Oppo,Reno 10,2023,70610467751,41864876
710988306912008,Oppo,Reno 10,2024,82943665444,64361116
437008362931825,LG,Velvet,2024,51509784187,27004327
206551952558923,Apple,iPhone 12,2022,03259517138,47759730
141139130864079,Google,Pixel 6,2021,12807969283,99274063
882662607377560,Motorola,Moto Edge 30,2020,95368855907,09685424
576751294346725,Xiaomi,Redmi Note 11,2025,62745811207,72409882
103449510230396,Vivo,X90,2023,02486743405,14775311
380295925938327,Lenovo,Tab P11,2018,32210824281,32516829
043999270385132,Samsung,Galaxy A54,2022,94909048642,36979593
498131156487108,Lenovo,K14,2019,42813107891,09923690
080933041793688,Xiaomi,Redmi Note 12,2024,91270896490,11462965
931238236718940,Nokia,C32,2021,35185284161,62802824
427171579699132,Google,Pixel 6,2018,81486802990,50434796
473042681566618,Asus,Zenfone 9,2018,05928208901,67768851
202889084244204,Realme,GT Neo,2025,98699504004,86263580
856000844658396,Vivo,Y36,2021,48755135420,99174947
701776444908918,Lenovo,Legion Y70,2025,24783647194,82850083
116933890843083,Apple,iPhone 12,2022,45748415593,15637712
128458732840696,Nokia,G42,2019,34233802413,23224809
589573540510542,Xiaomi,Redmi Note 11,2019,22657521690,09620374
445507118942676,Oppo,Find X5,2019,86642443160,43487841
455843605363442,Motorola,Moto G52,2022,41240147910,29434809
966166757874019,Motorola,Moto Edge 40,2018,95388637557,67695199
795694528595061,OnePlus,11,2020,08133402417,65682384
460017708098384,Apple,iPhone 13,2023,60585759235,23638351
409084927737426,Google,Pixel 7,2021,37912093290,00379806
878003419030770,Huawei,P50,2023,17832851767,03183179
475511133081070,Asus,ROG Phone 7,2021,93036463712,00186869
634244468816103,Xiaomi,Redmi Note 11,2019,57627981514,03445349
817308510104688,Huawei,Nova 11,2022,17498606356,26866056
104991303665951,Xiaomi,Redmi Note 11,2024,42528140495,71534217
486929319068360,Oppo,Reno 8,2025,49283757777,51913636
458403251212373,Motorola,Moto Edge 30,2020,37369866106,58136149
240201729659025,Realme,C55,2023,58869280063,30734770
762303575114343,LG,Wing,2025,43454234069,49040307
014579520615765,Motorola,Moto Edge 40,2021,94173640650,59533192
398107293685174,Nokia,C32,2018,68116659120,72032902
209973582607647,Sony,Xperia 1 IV,2022,84084916013,05572649
428206577605029,Oppo,Reno 8,2022,07725676546,62066328
140883212490978,Apple,iPhone 15,2020,98045046180,87809320
234571193058641,Motorola,Moto G52,2021,28835045398,11662792
387563652440836,Sony,Xperia 5 IV,2019,33093458315,12738094
091137535786867,Huawei,Nova 11,2025,69208404480,15403979
096557339438081,Nokia,C32,2021,10861088506,08447648
286022541861162,Lenovo,Tab P11,2021,56250266291,30542755
738213064433733,Vivo,V27,2019,97641373186,16287270
135356757616078,Nokia,G21,2021,32087099782,61448159
227312706850407,Motorola,Moto G84,2020,38993603200,82487487
438465545053769,OnePlus,Nord 2,2022,48883531825,84900094
327011655686408,Apple,iPhone SE,2021,52568459000,74978239
144755679738860,Nokia,G21,2018,40549034951,83563170
352132795818646,Apple,iPhone 12,2022,01638753245,88096491
672646647144500,Asus,Zenfone 9,2019,96872692278,12247270
011331723325235,LG,K52,2023,02588068006,28490453
718598736250083,Realme,Narzo 60,2025,96225766642,09499258
175972771065556,Vivo,X90,2019,44056521638,88470402
937824913155781,Asus,Zenfone 9,2023,76308487309,33808832
687946299529813,LG,Velvet,2019,99938554482,65057521
349260860634454,LG,K52,2018,94505146901,19341935
275711005276022,Oppo,Find X5,2023,42274229147,56163029
127425317644865,Oppo,Find X5,2022,38070556307,22849483
078967002811887,Samsung,Galaxy A54,2021,49593934081,52530380
408730588767615,Motorola,Moto G52,2020,49330575757,44224616
020910838356484,OnePlus,Nord 2,2020,75719752200,60602217
311199663408602,Huawei,P40,2024,70142605883,59815745
330363649049447,Lenovo,Tab P11,2018,91693726246,83208929
898502456768211,Oppo,Reno 10,2021,48895785606,75310123
318980576955503,Vivo,Y36,2025,20010493077,72762085
214197336380099,Sony,Xperia 1 IV,2018,91062183851,39612927
128814776620377,LG,Velvet,2020,35347907908,34966684
917729152045243,Sony,Xperia 5 IV,2018,82236531508,63014350
523317308832091,Asus,Zenfone 9,2022,37391801372,50499725
660713811813275,Oppo,Find X5,2022,82953659323,28246357
062526064015442,Google,Pixel 8 Pro,2022,17821789291,26050030
998658047049157,Sony,Xperia 5 IV,2019,20648853314,38597828
639808560556992,Huawei,P50,2018,26082286405,18403265
431763990689889,LG,Velvet,2021,29187901412,36707444
038319679401137,Lenovo,Legion Y70,2024,90556086619,57324157
511358167277178,Apple,iPhone 14,2023,03273588586,56961584
010724167030595,Samsung,Galaxy Z Flip,2022,63664147936,20964951
990350979420407,Nokia,G21,2019,99496832547,96558759
457926046666056,Samsung,Galaxy S21,2023,16693643809,12600701
880670798480379,Huawei,P40,2023,30214606236,63425271
074983706666432,Google,Pixel 8 Pro,2019,55013866073,86886088
044177353006253,Realme,C55,2023,88445049445,34245490
514543768405114,Sony,Xperia 10 V,2022,48782965854,26964484
426619476823524,OnePlus,Nord 2,2023,56076980761,44665739
633436559541708,Vivo,Y36,2025,60567480810,26830011
109920404099823,Sony,Xperia 1 IV,2018,24943292216,68642086
347928223466483,Oppo,Find X5,2023,56532854395,84500133
665097049075644,OnePlus,11,2024,06095517109,46237267
158211160294589,Huawei,Nova 11,2025,69720377003,83082704
959814135405366,Sony,Xperia 10 V,2024,69236226540,36293692
744573246391550,Nokia,G21,2021,76883746501,43705987
139810678763097,Samsung,Galaxy A54,2025,10644539704,88606014
476901179872027,Realme,GT Neo,2025,06449026715,69588335
279673910147509,LG,Velvet,2023,15911514656,45110983
582323514912610,Apple,iPhone 13,2020,56200201854,71377728
028360582032148,Nokia,G42,2020,20246623233,17154382
508797876251543,Oppo,Find X5,2024,70763683663,19288332
055388500572012,Realme,GT Neo,2018,03412115240,66693757
845572508148298,Nokia,G42,2024,38864846611,01849481
002093104747459,Xiaomi,Mi 11,2019,58601953115,62909488
530464968740231,Asus,Zenfone 10,2019,16531839180,95461052
829426249993803,Apple,iPhone 15,2023,95857170001,71312064
884394321275946,Google,Pixel 8 Pro,2021,44688662254,87941395
167330225411086,Realme,Narzo 60,2020,23787713395,53082251
118413556754778,Huawei,Nova 11,2019,91277498601,49614687
949648116774317,Motorola,Moto Edge 30,2019,34913621130,21071145
339430714263377,Xiaomi,Mi 11,2022,71956405313,63883432
651007966766198,LG,Velvet,2024,92900740860,04079122
383036757289112,Google,Pixel 8 Pro,2020,72663588091,17589204
506590958730080,Asus,ROG Phone 7,2021,53581388545,29790215
719099321343076,Lenovo,Legion Y70,2025,46440925920,90069898
655020500261965,Apple,iPhone 15,2025,99492005719,91169383
725336834686215,Vivo,Y36,2022,67387979154,55407898
001185620002758,Google,Pixel 7,2018,46156358188,04594923
733618783526747,Google,Pixel 8 Pro,2020,03677181380,65495927
531696820462880,Sony,Xperia 10 V,2018,97247526661,54769063
027664921643359,Xiaomi,Redmi Note 11,2018,34048202316,12380680
637972202298480,LG,Wing,2020,15011304710,17764994
961723589784600,Motorola,Moto G52,2018,01148500200,34458713
802582581176930,Sony,Xperia 1 IV,2024,04101926867,57980675
369398286154874,Asus,Zenfone 10,2022,22819290868,95237105
594522871943176,OnePlus,Nord 2,2022,61356061826,57174814
654087493550742,Sony,Xperia 1 IV,2020,28978649580,35417335
146731987838307,Vivo,V27,2020,84271934402,95996811
111455329467889,Realme,C55,2021,61953010784,54625624
427285917132196,Motorola,Moto Edge 30,2024,25275156731,51701270
949420970628113,LG,Velvet,2023,19272018293,01892716
050654698795996,Nokia,G21,2020,86289817051,90396820
792586176069073,Oppo,Reno 8,2020,42761428811,07533721
401926884077998,Lenovo,K14,2025,75010688875,86838160
800375613312021,Sony,Xperia 1 IV,2020,41610849604,77614025
651261864974951,Asus,Zenfone 10,2023,30240560841,73105718
406688817629514,Asus,Zenfone 9,2023,44836786207,83517930
833404262723366,Motorola,Moto G52,2025,32930824590,38931718
947598046117655,Motorola,Moto Edge 30,2021,42152597389,69088107
785594132790851,Apple,iPhone 13,2021,80476061156,05129558
409634171077451,Nokia,G21,2024,93906008550,67969935
912914704094737,OnePlus,10 Pro,2022,03634378433,94158512
909881752702174,OnePlus,11,2018,15893557840,09183871
628528034616925,Vivo,Y36,2022,92050686919,03749193
436959486996353,OnePlus,10 Pro,2025,42381782206,07559537
876988301141966,Nokia,G42,2019,63357671395,93241084
692111599780169,Sony,Xperia 10 V,2022,10948424435,41449106
331190782199502,Sony,Xperia 1 IV,2025,99398496569,07411109
923960548105405,Google,Pixel 8 Pro,2024,36924300944,03289540
032671600287271,Xiaomi,Mi 12,2021,03364326231,77933601
215002617480262,Realme,C55,2024,79668548418,78695923
346551856344224,Apple,iPhone 13,2025,35505381626,29781540
191023759368828,Xiaomi,Mi 12,2023,94570755526,95539266
038246765405628,Nokia,G21,2020,64041259860,40012354
906317194968588,Lenovo,K14,2023,48302530611,11702740
770841701917505,Huawei,Nova 11,2021,08843868640,12632148
997265610509134,Huawei,Nova 11,2022,58692213667,71111181
620621071973213,Nokia,C32,2025,69846018355,10698255
004740825162573,Sony,Xperia 10 V,2023,13966032201,90948749
889612272578913,Lenovo,Tab P11,2024,98680219525,10799241
852553705204245,Samsung,Galaxy S21,2021,07473580361,79061369
640562811748858,OnePlus,10 Pro,2023,92887175874,20006980
884072697707713,Lenovo,K14,2024,25229690569,86604006
422814400238455,Motorola,Moto G84,2019,26237797912,55881407
170017066025335,Google,Pixel 7,2019,23333417006,07021753
123029984214077,Huawei,P50,2024,30978143612,73229848
928387959450855,Vivo,X90,2024,24898981240,59716081
902466174420866,Realme,GT Neo,2022,63569513114,41145017
006417593541228,Nokia,C32,2024,10532766300,32639680
688732345793454,Huawei,P50,2022,30232845980,64593783
105146048536488,OnePlus,Nord 3,2018,93902486392,13770875
849489640178296,Sony,Xperia 1 IV,2020,96540103050,78054065
235182941398882,Realme,Narzo 60,2022,01959103113,84788969
610438250379823,Apple,iPhone SE,2025,58641675680,57086783
172900220712733,Apple,iPhone 13,2024,60291549403,50189206
655073922421312,OnePlus,Nord 3,2022,84755531764,35442264
169540710061787,Vivo,Y36,2020,13689426529,64564249
258655243253226,Lenovo,K14,2020,88461295986,19102366
027883987319143,Motorola,Moto Edge 40,2021,83557867269,93930203
885747257472702,Asus,Zenfone 9,2025,57415645006,32794095
465231337473812,Realme,Narzo 60,2024,87857406163,02222024
457215569898020,Apple,iPhone 12,2021,31148767061,89281441
493860066317639,Apple,iPhone 14,2019,89327298675,98078283
458509181561595,Google,Pixel 7,2019,77772313080,26121403
771087501922317,Google,Pixel 8,2024,17584510760,06418028
054241578060053,OnePlus,10 Pro,2022,19599609387,26058007
577835667374351,Google,Pixel 7,2021,76631543983,98809546
722624851431625,Xiaomi,Mi 11,2020,76994229610,63405144
050771607478454,Oppo,Reno 8,2021,96402648736,45289554
706742429795023,Sony,Xperia 5 IV,2020,63270125151,46686865
889310632929401,OnePlus,11,2021,83975943459,03537698
869506482252226,LG,Velvet,2025,61291277315,08157802
749596571023292,Google,Pixel 8,2024,90467887926,63974349
367783124389666,Huawei,P50,2023,38162028455,05539187
856957434212753,Lenovo,Tab P11,2023,17497890433,70482631
212288721235636,Asus,Zenfone 9,2025,52573755240,39529316
976994781761227,Huawei,Nova 11,2023,05132170293,56089271
320766050945884,OnePlus,10 Pro,2023,32591939950,09630970
954287225599547,LG,K52,2021,33684183946,96837808
688401279679800,OnePlus,Nord 3,2020,92410217133,33389741
284461453671920,LG,K52,2020,08195494528,94973046
768930428645083,Oppo,Reno 8,2019,37226298619,96211606
414362614291813,Xiaomi,Redmi Note 11,2018,76568866997,58510634
679632306163840,Samsung,Galaxy M54,2023,43577737093,08720186
589027370639212,Apple,iPhone 15,2019,38326512761,40253583
134473876563025,Vivo,V27,2022,81930420773,48408520
057819556719219,Samsung,Galaxy Z Flip,2020,95396501006,47549241
077008102659641,Xiaomi,Poco X5,2020,95098395232,10104148
268888694095104,Sony,Xperia 5 IV,2021,05966297533,17933303
640801408918661,Huawei,P50,2023,98787712296,48535370
638460252582637,Sony,Xperia 10 V,2025,59803630172,61527995
171254439302043,Vivo,X90,2022,13022490534,28522999
804466137042002,Google,Pixel 8,2022,55331730051,21798117
782243239336704,LG,K52,2021,47907233054,83413329
629426391503427,Lenovo,Legion Y70,2021,92597939804,78377756
504724516316956,Apple,iPhone 15,2019,13012310614,02179556
283857283454731,Oppo,Reno 10,2023,49302490408,40160920
010355574170785,Asus,Zenfone 9,2023,02559446596,72230002
529546179000485,Huawei,P40,2022,39148701173,15525207
627029645354957,Nokia,C32,2020,21857822587,52824728
925917464720301,Samsung,Galaxy Z Flip,2020,23953845772,85231670
044953856556384,Realme,Narzo 60,2021,63750006296,26086905
923612965454482,Xiaomi,Poco X5,2018,85233398508,38319130
959906857149472,Xiaomi,Mi 12,2019,75903282865,15353304
696750457037961,Lenovo,Legion Y70,2024,36395208233,88499036
099451778371650,Lenovo,Tab P11,2022,27681651403,86125079
718035944987878,Realme,GT Neo,2020,72813112658,11729751
201052550225674,Google,Pixel 8,2019,78407568597,69164464
552839388681967,Lenovo,Legion Y70,2023,53682077600,64395863
691171401071478,Lenovo,K14,2025,04477916728,43122761
643776215791248,Sony,Xperia 5 IV,2022,49572731386,96485060
398356355537936,Sony,Xperia 1 IV,2021,96013186901,59290998
155528360975102,Sony,Xperia 5 IV,2021,94232526560,74881576
433565254407903,Sony,Xperia 10 V,2022,76700460905,02659880
771060765214129,Vivo,Y36,2019,77720800508,31217295
491403348418110,Google,Pixel 7,2022,82085854249,87702510
932195381031391,Nokia,X30,2022,20057082596,82143800
956502989417855,Sony,Xperia 10 V,2025,55471833341,42813046
163193161736941,Samsung,Galaxy A54,2020,63080624300,62081916
714318414750204,Samsung,Galaxy A54,2022,85581025622,77529274
672433632056925,Huawei,Nova 11,2020,81284702561,38053351
071631826438874,Xiaomi,Redmi Note 11,2023,78087438361,78700567
000000478620874,Google,Pixel 7,2024,36032593436,34905292
876986116664495,LG,K52,2024,09156703210,12724488
207715867493548,Huawei,P40,2021,20823422801,11858279
374662968176521,Oppo,Find X5,2024,33644485151,44497128
699298647430348,Huawei,P40,2021,70607742704,89673704
710605950707791,Realme,GT Neo,2022,22345736534,06027362
675753864468805,Samsung,Galaxy A54,2018,60376717700,77205098
862519701324946,LG,K52,2023,76692262003,25295113
736169214354452,Google,Pixel 6,2020,09553927726,40714248
589236833307869,Vivo,X90,2020,20270902406,83842096
294361434824739,Apple,iPhone 13,2024,10223622320,13685296
484018726593410,Lenovo,Legion Y70,2018,27350633726,14423606
623541395140288,Lenovo,Legion Y70,2024,63983579140,74239053
331715048658376,Xiaomi,Redmi Note 12,2020,37973423141,59557845
865684568263748,Asus,Zenfone 10,2022,90326619810,14689051
043901507087073,Google,Pixel 8 Pro,2021,26103391865,41000731
467043732365677,Apple,iPhone 12,2025,76432531101,17906834
921892950798082,LG,Wing,2021,82440113271,13788392
383029918956594,Huawei,Nova 11,2020,35411855543,83740052
869840977848926,Google,Pixel 8,2020,18630719540,74813057
003237625023391,Samsung,Galaxy A54,2022,15418217348,42771752
734869187802018,Asus,Zenfone 9,2019,05560059374,72475404
980636223792130,Asus,Zenfone 9,2025,47445169121,39399413
407128389792619,Google,Pixel 8 Pro,2019,10922783543,24295646
316732391831959,Sony,Xperia 5 IV,2020,34731315123,72485218
356259285728137,Xiaomi,Mi 12,2022,03851995899,88099363
293465818940267,Huawei,P50,2023,52556749237,17350331
746064868661369,Apple,iPhone 14,2019,02079395351,31626920
248760513579464,Google,Pixel 8 Pro,2024,85215265801,58318115
433551396198616,Samsung,Galaxy S22,2018,50164714529,93346904
702447914914205,Asus,Zenfone 10,2022,64456797495,49426764
967601588251584,LG,Velvet,2024,60293348324,70994719
742585333824919,Samsung,Galaxy Z Flip,2022,34747475761,59013510
160801451450405,LG,K52,2018,42440982830,14103391
691311754385631,Xiaomi,Mi 11,2018,88700016284,44160983
156235948070495,Google,Pixel 6,2024,65394002339,77658154
758910857783794,Motorola,Moto G62,2020,88674741460,39449701
695558396822412,Apple,iPhone 15,2023,22863980203,80779849
293685390422366,Lenovo,Tab P11,2022,67831172190,53570404
871992835641598,OnePlus,10 Pro,2024,08335244880,86701114
978125927643264,Xiaomi,Mi 12,2020,87360936616,28418487
623545818935293,LG,K52,2025,65961745147,62969319
888687128044746,Realme,GT Neo,2020,58390246864,12538554
808015249098684,Motorola,Moto Edge 30,2025,66626957694,50723806
574730136465430,Nokia,G42,2020,70243717571,70967937
348578053167290,Vivo,V27,2021,66414954934,57615291
659151390114909,Oppo,Find X5,2024,54186723478,05058776
413498769546149,Google,Pixel 6,2020,08081242503,97122420
111783585754676,OnePlus,Nord 2,2022,10833414054,43739278
440591941220994,Nokia,C32,2018,75979987169,52088044
587814267530783,Motorola,Moto Edge 30,2018,37954705790,93459169
975201724888752,OnePlus,Nord 3,2022,25343271197,40573100
102918542908857,Sony,Xperia 10 V,2022,60578252252,18932190
177380091018425,Google,Pixel 7,2018,62321594039,40502138
704485395531389,LG,Wing,2023,87300718876,85695030
620063086593591,Oppo,Reno 10,2022,62542120641,32973184
354396150793221,Samsung,Galaxy Z Flip,2022,98887998191,86963572
321758173077052,LG,Wing,2019,30359036708,66113505
486698757706554,Apple,iPhone SE,2025,98574730831,65806807
706105206748729,Realme,Narzo 60,2024,28490253056,40677946
576426384804449,Nokia,G42,2022,51230731911,69623679
467090293754877,Apple,iPhone 12,2018,45512578340,02317237
254096133905209,Huawei,Nova 11,2018,57313417454,97687934
168210737069729,Xiaomi,Mi 12,2022,40069584478,14630176
787126178078388,Asus,Zenfone 9,2024,37114032552,67025080
649617974536838,Nokia,X30,2018,63515665412,63479126
345121251714018,Motorola,Moto Edge 30,2023,77309841727,35795154
588291896160562,Google,Pixel 7,2018,12088050370,97065340
127942807797187,Asus,Zenfone 9,2023,85838485647,92162643
858769272838988,Huawei,P50,2025,60315491310,85838062
526983677882922,Samsung,Galaxy Z Flip,2021,71078833303,98568379
855003379323627,Vivo,V27,2020,76449439947,78565236
836231160757121,Lenovo,K14,2023,91989703992,65660808
454535443337722,Sony,Xperia 10 V,2024,51499934505,08334984
050978671025235,Motorola,Moto Edge 30,2024,95451587272,53961074
454687428887590,Motorola,Moto Edge 40,2021,46600146222,99988516
675604179222423,LG,Velvet,2020,47112571871,46307077
901173112260071,Samsung,Galaxy Z Flip,2020,05694456041,94319174
810836506198956,OnePlus,10 Pro,2020,44702027700,51381979
659786321587120,Google,Pixel 8 Pro,2021,06851710277,26195404
481167164167120,LG,Wing,2023,64249743500,03865471
847901164083071,Oppo,Reno 10,2022,56295905374,54923153
286787204331716,Motorola,Moto Edge 30,2023,28722381155,81886478
830229904993828,Motorola,Moto G84,2024,21698673337,35407161
394339856054928,Nokia,G42,2021,27098935336,68230497
256981189710913,Lenovo,K14,2018,47373642748,10035772
619607203817533,Sony,Xperia 10 V,2023,75984190516,86914230
232934954762587,Asus,Zenfone 10,2025,55930365270,04014027
144569714827088,Oppo,Find X5,2025,38578981430,37591994
916560843762457,Nokia,C32,2018,00421733101,98141907
728525223046569,Nokia,G42,2022,99980635070,02153118
485283722441258,Lenovo,Legion Y70,2020,96088735333,53572807
761119467896842,Sony,Xperia 10 V,2021,44753819086,15943340
738643538683207,Oppo,Find X5,2020,38482683101,90306475
534119093006014,Lenovo,Tab P11,2024,82986928706,79706690
640154208650786,LG,Wing,2021,47819347732,21406825
447162307454123,Lenovo,Tab P11,2024,59774959000,38928103
581081511020539,Huawei,P40,2021,22928287744,84906724
590968575984760,OnePlus,Nord 3,2023,58057316063,07601824
822402475703407,Huawei,P50,2019,29001268277,14908935
204257082298392,Lenovo,Legion Y70,2024,40643058176,64762640
428969975464059,Motorola,Moto G52,2019,47613491668,88879796
517659957541246,LG,Wing,2019,78234315307,74151441
235905825815272,Apple,iPhone SE,2018,41035397803,24695881
861841836127441,Motorola,Moto G62,2021,30497725738,64943374
625495261021278,Lenovo,K14,2019,47434662450,89731061
988832655575890,Asus,Zenfone 10,2025,53140248377,73387670
168585196038965,Vivo,V27,2025,97642936893,78941816
462237624399897,Sony,Xperia 1 IV,2025,27080334500,08324458
638039514958380,Oppo,Find X5,2020,87285985805,84791394
910201832037581,Motorola,Moto Edge 40,2021,41654777293,97652959
124289651707211,Motorola,Moto G52,2023,91157565565,20417418
353064063752567,Asus,Zenfone 9,2025,82841260607,80070797
394027806680753,Motorola,Moto Edge 30,2020,04918312004,36505044
883810874994791,Apple,iPhone 14,2020,98684452801,55645729
249228552605151,LG,K52,2021,66697634251,39771999
086564486733690,Lenovo,Legion Y70,2021,69281137402,52209891
580145388368057,Oppo,Reno 10,2023,55195261849,48874963
730374594221853,OnePlus,Nord 3,2018,45584475319,84620314
388845168577275,LG,Velvet,2022,57203605060,33992579
879638207762382,Oppo,Find X5,2023,13608393560,21990302
263020372141370,OnePlus,Nord 2,2023,52926430175,91522721
700666810695814,LG,Velvet,2023,12932058347,27763992
698611129649827,Google,Pixel 8,2018,08515123720,29528489
094874260603267,Vivo,V27,2018,47435991058,91716868
004674688860268,Samsung,Galaxy S21,2018,94246504009,29298676
051468076001784,LG,Velvet,2021,68951950840,97778833
453238123250431,Xiaomi,Mi 11,2022,83038510475,91596739
070141908511893,Motorola,Moto Edge 30,2018,74244678590,72676089
088925011959256,Google,Pixel 8,2019,78222894030,79949460
553760631234598,Google,Pixel 8 Pro,2020,23728806161,70406294
099636356749453,Apple,iPhone 15,2020,01937385388,96898944
016380987204482,LG,K52,2025,09379043503,96852133
850313860644633,Lenovo,Tab P11,2025,29052058652,49966760
698829874119649,Huawei,P50,2020,70960935088,02747224
860184316898670,LG,K52,2023,56220886402,34893680
795492140671084,Vivo,V27,2023,13719543056,56793108
766308670007446,Realme,C55,2023,47360752361,08126441
960785195778665,LG,Wing,2024,69268057506,20053872
870411172559840,Vivo,V27,2024,75501263726,49073344
658753247924898,Apple,iPhone SE,2018,49684143150,18609628
088356676814776,Xiaomi,Redmi Note 11,2022,71508741344,48381816
222838588953278,Samsung,Galaxy A54,2020,24649061075,63521420
048991676195636,Sony,Xperia 5 IV,2018,11849087962,41226008
738735432333162,Google,Pixel 6,2021,08026236548,25425054
103898884359047,Lenovo,Tab P11,2023,24281384057,95226397
582619283177465,OnePlus,Nord 2,2021,70997922290,40261120
197599417631736,Samsung,Galaxy A54,2023,34389175998,44623503
475341873220060,Apple,iPhone 12,2025,16805992753,80758556
175065051618633,Huawei,Nova 11,2023,40405210051,06186247
605520916622486,Realme,GT Neo,2021,83238826816,75613399
466140542804646,Oppo,Reno 8,2018,24578427862,49634546
076353362951051,Motorola,Moto Edge 30,2025,29130688639,92704165
431426581379498,Vivo,X90,2021,03436178039,19305211
170577710316551,Motorola,Moto Edge 40,2020,05974700651,00649931
407206743113133,Motorola,Moto Edge 40,2021,59712565483,17911422
754274670833647,Huawei,Nova 11,2019,73807268979,98141309
626203619331291,Lenovo,Tab P11,2025,14518618424,84136494
325987124968006,Huawei,P40,2018,25672074065,80590523
695905159573362,Vivo,V27,2023,85865307436,28446399
475734480967360,Samsung,Galaxy A54,2019,48141033441,12874758
509406098374235,Oppo,Reno 8,2023,35537853655,00939606
532322089563443,Huawei,P40,2022,06665740145,48962554
314557524775371,Asus,Zenfone 9,2022,82433706920,61588563
506365935330423,Motorola,Moto Edge 40,2024,62157973834,19139611
968990032059959,Huawei,P50,2019,32970043807,93794794
995045364798139,Asus,Zenfone 9,2025,30211732508,68449648
771008578189480,Vivo,Y36,2023,08516385892,51645362
322593904954652,Apple,iPhone 14,2019,29473014554,56994737
784722915329278,Samsung,Galaxy S21,2020,26976933000,39151897
534029376719886,Vivo,Y36,2024,17147970152,67972658
860059121052696,OnePlus,10 Pro,2021,36838801477,34076430
305381898970149,Samsung,Galaxy Z Flip,2022,44476926274,39364887
114414426060076,LG,Wing,2020,69160545143,94891897
741222164842481,Apple,iPhone 14,2024,48358512503,07482128
122846050838049,Oppo,Reno 10,2024,36104362800,88156402
213187066471309,Samsung,Galaxy M54,2020,23874613550,20118685
579067361473043,Google,Pixel 8 Pro,2023,49157663572,55812885
171949926737973,LG,Velvet,2018,53037830735,42787777
921633778874729,Apple,iPhone 12,2021,31203775628,00337971
151835646490045,Realme,Narzo 60,2020,73323055420,21424642
956500557550822,Samsung,Galaxy S22,2018,03940104850,33449780
283546409079155,Samsung,Galaxy Z Flip,2018,81674308809,79934375
825933737796908,Motorola,Moto G52,2021,32905299169,70302315
436130377633934,Huawei,P50,2018,48769842477,50695287
090521298686832,Nokia,G21,2022,98557916736,40188360
741441259755238,Xiaomi,Redmi Note 11,2022,22188704100,52077859
130367069427084,Sony,Xperia 1 IV,2024,05160304851,50833120
548804656177226,LG,Wing,2021,71168809681,35604474
951586255834794,Lenovo,Tab P11,2019,08380201515,82532624
483758622817211,Vivo,V27,2018,34570898920,10736883
216053136966422,Vivo,X90,2021,95186149462,90735009
990383155595556,Asus,Zenfone 9,2021,34509099320,16015540
470998736936873,LG,K52,2022,36937000014,77533596
773601141408602,Oppo,Find X5,2020,91658713400,98669448
971734324066705,Motorola,Moto Edge 40,2025,69920832103,21535031
778683479637253,Huawei,Nova 11,2020,07426790550,97129846
563520832081738,Realme,GT Neo,2020,93018878868,88632193
157878766359493,Xiaomi,Poco X5,2018,73596282705,55259096
344616030708091,Lenovo,Legion Y70,2025,12195997354,15571394
569442606782981,Huawei,P40,2018,22301434176,58760885
363507750221744,Realme,GT Neo,2018,52034696107,93359497
527222748863442,Huawei,P40,2023,37404099595,70282006
516767798360421,Asus,ROG Phone 7,2019,56292208613,60483451
661486937304696,Sony,Xperia 5 IV,2025,46417418405,71574484
937991805816885,Asus,Zenfone 9,2021,98651306024,57341968
179769097498874,Lenovo,K14,2025,90219235724,81391491
417609255873620,Samsung,Galaxy M54,2019,40210970901,38794027
113280599037000,Oppo,Find X5,2024,14024949128,49129507
411711712603028,Vivo,X90,2023,50043109802,95864241
571303600225135,Realme,GT Neo,2018,11007796804,59510668
738471497561923,Google,Pixel 6,2019,75892713490,19367784
060133409085176,Motorola,Moto G84,2021,55979221140,76109782
706823352593069,Vivo,Y36,2020,08949758466,53076069
033139675055865,Google,Pixel 6,2018,68833263754,41887544
480969865032500,Lenovo,Legion Y70,2018,37616797695,76781299
830994657267192,Realme,Narzo 60,2020,67653311741,96183797
132469814395565,Google,Pixel 8,2024,22153030692,99309486
108318904568238,Realme,C55,2023,17440637704,70291171
211382533174314,Sony,Xperia 5 IV,2022,15797968509,90381970
847995282066364,OnePlus,10 Pro,2023,78983535016,02698837
028364458487281,Oppo,Reno 8,2023,43943049205,73286454
045566394781557,Realme,GT Neo,2023,51264136005,23780951
786800344645143,Huawei,P50,2024,41762581957,37234504
388410142157120,Nokia,X30,2020,44992922554,37942761
383050390861690,Google,Pixel 8 Pro,2022,00565575821,74988461
311841046666002,Apple,iPhone 12,2023,91400879213,21980282
606563835149727,Motorola,Moto Edge 40,2021,27042361350,24671660
099862994672554,Google,Pixel 7,2024,89689051342,08798092
074209810748959,LG,K52,2025,46059911072,72410499
508271797626492,Asus,Zenfone 10,2021,63826130294,49734168
697579356330966,OnePlus,Nord 3,2018,41666002143,78308443
599883961703257,Asus,Zenfone 9,2021,21251307930,47277689
231543360282182,Asus,ROG Phone 7,2021,99386511860,82001984
470253784925242,Nokia,X30,2022,49842363538,66377905
414541241040145,LG,K52,2019,02814547445,49378347
054146455256633,Sony,Xperia 1 IV,2019,14064130111,72751783
052147883192878,Vivo,Y36,2020,46984545064,31876079
864188457013331,Xiaomi,Mi 11,2020,48963010481,15225772
139949190012648,Google,Pixel 7,2021,41345690010,05431055
305562027396017,LG,Velvet,2021,51013605896,80743736
098307523998928,Nokia,G42,2022,72693531403,51548533
942168224725671,Samsung,Galaxy S23,2021,31981878424,27988255
447140798165709,Motorola,Moto G62,2021,51556734298,41552699
160883032992506,Apple,iPhone 12,2023,25011378764,55608403
502788198430050,Nokia,G42,2024,70931934125,11577442
496381070990594,Vivo,Y36,2020,68952666747,36377079
016071477595779,Google,Pixel 8,2020,21439453292,19442761
155367463674335,Xiaomi,Mi 11,2024,46359531062,41391108
170467485914318,Oppo,Reno 8,2018,78269097241,57576531
228213606385394,LG,Wing,2024,42521037702,06932784
880398063907301,LG,Velvet,2019,96701398308,55873087
747290391726127,Huawei,P50,2022,58016892906,08665309
609301769450857,Huawei,Nova 11,2019,67402848140,03192425
094949972840261,Oppo,Reno 8,2021,16080153602,74242959
585935078930653,Huawei,Nova 11,2024,62027155708,44692961
169630116970822,Realme,Narzo 60,2024,26433075770,04130477
753460447655669,Xiaomi,Mi 12,2018,79696570791,15481236
704372178037909,Huawei,P50,2025,62795605465,15367150
177098765118408,OnePlus,Nord 2,2024,53256938590,39471963
433613078194629,Google,Pixel 8,2021,63098988258,48823140
218844417941293,Xiaomi,Redmi Note 11,2022,13863161564,88560291
651451294034003,Sony,Xperia 5 IV,2024,92285412100,29988820
825201630895125,Asus,ROG Phone 7,2025,83692538812,25846290
976648447900539,LG,K52,2019,74119378357,65163124
352735017942967,OnePlus,Nord 2,2020,48530078063,23430036
562472496352164,Google,Pixel 6,2020,97703594830,53507617
174748088950684,Oppo,Find X5,2024,39062924018,12153770
196264235086113,LG,K52,2018,67686311368,71279643
690772783693819,Sony,Xperia 1 IV,2024,15649859620,14816901
680883583676848,Huawei,P50,2021,16856414072,77978080
919715933454698,OnePlus,Nord 2,2020,16340604153,71744513
716101047764275,Realme,C55,2025,11377766098,81315467
493937317078135,Nokia,G42,2018,53400740802,93909911
792861997786720,Realme,GT Neo,2023,04877160272,14847326
309557202087769,Sony,Xperia 10 V,2024,15063624944,61954127
390004026123936,OnePlus,Nord 2,2022,29227679812,57002625
556016793997491,Oppo,Find X5,2019,32252896396,62028544
437394742388864,Xiaomi,Mi 11,2023,37468379017,76497138
456011062706115,Oppo,Find X5,2025,93437447734,87570578
489000921641739,Google,Pixel 8 Pro,2023,64708283881,27396659
773230002760723,Google,Pixel 7,2025,38311433313,12933493
073997294542328,Apple,iPhone 13,2025,59042983159,35763716
719194728362474,Apple,iPhone SE,2020,83559887950,56706140
528835976080112,LG,K52,2018,99216280204,52213817
129963075758892,Huawei,Nova 11,2023,96087568123,43265140
160238993876049,Vivo,V27,2025,66273191794,54615102
015547830166393,Huawei,Nova 11,2021,08300508503,35544957
927277606563281,Oppo,Reno 10,2020,51607798093,97618900
883162190125565,Realme,GT Neo,2020,79457410610,49774251
737986529717436,Nokia,G21,2023,77748527784,45286503
129228931754230,Xiaomi,Redmi Note 11,2018,13545960803,41607096
536566141642862,Google,Pixel 8 Pro,2022,03081476429,81229771
875015991278209,Realme,Narzo 60,2024,20061824984,44727904
383099606659910,Huawei,Nova 11,2018,18230866910,54597732
659529957768160,Samsung,Galaxy S22,2023,23226132407,45670893
865234010556074,LG,Velvet,2025,65967485880,39484119
780905537900087,Oppo,Find X5,2020,81613007205,41027209
195044897504523,Google,Pixel 8,2025,22702345964,71925066
509568927991358,LG,K52,2021,25814925205,41650950
725123519909933,Google,Pixel 8,2024,13962938842,19068614
066189196947284,Oppo,Find X5,2022,78261639274,91493030
201111197747315,Samsung,Galaxy S23,2021,80305839403,15194222
595922721684491,Lenovo,K14,2021,43140532164,03456136
681459613695272,Apple,iPhone 13,2020,23628415888,68011929
414257098062976,Huawei,P50,2024,49725896980,11054134
023474022163033,Huawei,Nova 11,2020,77992701364,29072721
350323410102301,Apple,iPhone SE,2024,27326473650,81901845
320749094719600,OnePlus,10 Pro,2024,80551751525,44855938
263779383449164,Vivo,Y36,2021,78691411279,42197741
357187559033210,Motorola,Moto Edge 40,2023,00250288044,09615348
870883168540091,Motorola,Moto Edge 30,2024,17861183351,82940500
363450249715131,Google,Pixel 8,2022,71610996410,33551739
933548926940493,Apple,iPhone 14,2021,13140917945,59451828
020499922211792,Google,Pixel 6,2022,02846344094,02944279
232095612853755,LG,Velvet,2025,92408177430,98088244
068221393909635,Asus,Zenfone 9,2022,84075452018,96718654
417027509845353,Sony,Xperia 5 IV,2025,56783608336,14266920
410749146599997,Google,Pixel 6,2019,97702898330,72887686
261583703786360,Vivo,Y36,2025,93333001802,05224736
743644398841936,Motorola,Moto G52,2025,72227762063,28948507
001920033519251,Asus,Zenfone 9,2019,86370184918,34873950
500435995099132,Lenovo,Legion Y70,2019,64074567890,97943150
953316697625873,Xiaomi,Redmi Note 11,2018,53372926684,28354357
898663898900272,OnePlus,Nord 2,2022,67896446103,47279686
955885772216063,Oppo,Reno 8,2021,84815728291,50966198
499146086801241,Xiaomi,Poco X5,2020,92623319324,22493652
219797595279024,Nokia,G42,2025,96268237633,70099192
437344909030808,Google,Pixel 8 Pro,2024,32285373236,53022001
043833287883981,Asus,ROG Phone 7,2018,74609982307,64977601
900352532709341,Vivo,Y36,2018,93281747752,31225129
147192191449600,OnePlus,Nord 3,2020,63680562748,67876034
050640959526325,Google,Pixel 6,2025,56439666118,29251898
109524589070682,Sony,Xperia 5 IV,2022,39457116062,67046691
633061374908658,Vivo,V27,2019,03160511871,94870496
448713563443608,Oppo,Reno 8,2024,34423156385,82910543
731700243101016,Nokia,G42,2020,74237259196,56343977
623581072604023,Huawei,P50,2019,55481070707,89240333
229228684230601,Sony,Xperia 1 IV,2025,61654572314,35366710
729379319301588,Xiaomi,Poco X5,2018,62760132935,72702601
688867781401380,Xiaomi,Redmi Note 11,2024,20472590960,69836566
783342136035697,Realme,C55,2019,23218462169,73065629
342800695433084,Vivo,X90,2025,90766460150,12835191
772550107181538,Apple,iPhone 15,2023,54966466008,99932156
011706016410736,Motorola,Moto G62,2018,03805870680,57557705
311816294727998,Realme,C55,2020,49996142272,68153312
250627255277073,Realme,Narzo 60,2019,57095215740,77568627
842883771073595,OnePlus,Nord 3,2025,89909786702,07407504
684530175527567,Vivo,V27,2019,18215313531,01497599
903872934932012,Apple,iPhone 15,2024,68286197810,76328051
164664415501443,Asus,Zenfone 9,2018,43304577092,27604820
962363444181744,Samsung,Galaxy S22,2025,44932220774,13638125
133126322479810,OnePlus,Nord 3,2021,77057153252,14211988
665488799927071,Oppo,Find X5,2018,61979352798,41709800
658948579544382,Vivo,X90,2019,21055782419,64182993
237684876499066,Samsung,Galaxy A54,2025,32531648100,35519806
379986203672600,Motorola,Moto G62,2023,11946524093,77618714
972315305088838,Apple,iPhone SE,2025,48365604469,02608409
817086024480888,Asus,Zenfone 9,2022,10482065648,03643844
961916985127523,OnePlus,Nord 2,2020,81118000293,29301801
955880145127378,Realme,GT Neo,2025,19798759958,84524744
275927951414084,Oppo,Reno 8,2018,94330849771,58487823
292884039283377,Nokia,G42,2019,43826565320,69350313
282005182320099,Nokia,C32,2021,47818469478,93711128
528159773623838,Apple,iPhone SE,2023,43220359302,02953550
701023991447301,Oppo,Reno 8,2024,90039424634,98375746
667251475104724,Vivo,Y36,2020,71342999886,55448876
313582771479680,Motorola,Moto Edge 30,2018,00922856273,04390999
859436351477996,Apple,iPhone 12,2023,76473033254,38457818
935554178850976,Lenovo,Tab P11,2025,72127453670,84880430
530600688050840,OnePlus,10 Pro,2025,51811709605,70265343
970286631451960,Xiaomi,Mi 11,2018,24143660792,68243209
069948862597048,Nokia,X30,2021,22246110050,91956035
033996675137351,Samsung,Galaxy A54,2023,04714997572,29591688
134553788761436,LG,K52,2019,00724098607,07985934
536249528203704,LG,Wing,2019,05195871469,97128270
821085847874861,Realme,Narzo 60,2020,51619702193,89256500
916589446564615,Nokia,X30,2024,53651901734,02464924
309539625278193,Samsung,Galaxy S23,2019,50966525809,28283427
797155216170448,Huawei,P40,2020,57961452230,11482250
021718104829302,Huawei,P50,2025,60443267642,47499571
901890488977829,Huawei,Nova 11,2022,75952427200,76875970
562046523989234,Huawei,P40,2022,01685478999,48404136
129355154204579,Huawei,Nova 11,2019,80081067518,57843719
588436012357645,Oppo,Find X5,2024,95884509006,97935168
656815204363110,Sony,Xperia 1 IV,2022,71464675112,94992922
865331428337487,Realme,Narzo 60,2023,05711328042,81232831
630813981754279,Realme,C55,2019,79785933636,28041880
440020570477420,Samsung,Galaxy S22,2019,96506111186,82579800
402530207507738,OnePlus,Nord 3,2023,14874784372,69307513
430500896633634,Nokia,G21,2018,19685846170,66922875
497691261770703,Nokia,G42,2021,12505919534,20745743
934350210113390,Realme,GT Neo,2025,27064335824,30532463
198392729662911,Lenovo,Legion Y70,2025,89079646377,92687679
377137036744085,Google,Pixel 8 Pro,2024,83311944623,73672395
078928058270774,Sony,Xperia 1 IV,2018,35493874741,42771860
500511742330642,Motorola,Moto G84,2024,98426563902,15993711
300391944078524,Nokia,G42,2019,24933244715,71018124
349315725633446,Vivo,V27,2020,14134212880,52640659
314538283217132,Lenovo,K14,2025,65595544066,26701484
768460863080893,Nokia,C32,2025,13187140289,56276639
021169229016858,Samsung,Galaxy S21,2025,46398987110,54965254
848259282999365,Google,Pixel 8 Pro,2022,56141571662,34105298
613530958687197,Motorola,Moto G52,2021,29996629473,89606921
960019988977955,Sony,Xperia 5 IV,2022,00118927655,76524950
141207150141989,LG,Velvet,2018,44117642022,87003695
898601680496554,Huawei,P50,2024,79886631007,32175477
194424416863762,Oppo,Reno 10,2024,38315460455,39104538
074909896530472,OnePlus,Nord 2,2021,99853016680,84541531
798724382343039,OnePlus,10 Pro,2019,04871453308,89364331
113762463384700,Vivo,Y36,2023,96693499155,71678750
325314586366892,Apple,iPhone 15,2024,05574409984,14203034
124041569010172,Apple,iPhone 13,2021,91847298214,38281927
859973303324857,Motorola,Moto G52,2025,09452367008,12006004
055602597777039,Realme,C55,2019,51952323428,01912502
287982939143681,Oppo,Find X5,2021,30358408652,77236053
218377269305729,OnePlus,11,2019,33190792550,44767910
092800548579972,Nokia,G42,2018,31657908178,66609276
878050015360992,Google,Pixel 7,2024,12144478481,78090049
711262087786930,Oppo,Reno 8,2022,43824978504,47731707
355144391857770,Nokia,G42,2021,70250650720,13017343
675753989737146,Vivo,V27,2025,31503371948,29904242
927683596360731,Lenovo,Legion Y70,2018,24460247852,58448381
783268406996584,Vivo,X90,2024,99079722154,44538794
360379066841274,Sony,Xperia 10 V,2022,09815881078,24388353
910080131242601,Google,Pixel 8,2025,08669760789,94927699
632687159752790,Google,Pixel 7,2025,59767914099,52579139
600657921788865,Oppo,Reno 10,2021,39264829075,74717710
150147126832022,Google,Pixel 7,2019,81312516836,90054629
645164390029934,OnePlus,Nord 3,2025,00121527301,77453755
903557615684689,Vivo,V27,2019,98814804346,16868152
535024887656638,OnePlus,Nord 2,2018,87756530608,19709288
652606380909503,Apple,iPhone 14,2024,32376935296,93709529
726910472846160,Sony,Xperia 10 V,2021,82105226396,77799072
812279036687792,Oppo,Reno 10,2023,38916317827,96916752
178446600081906,Asus,Zenfone 10,2021,07356687798,96922663
512429543089590,LG,Velvet,2018,19882327591,69311597
546420763441424,Oppo,Reno 10,2022,50560346573,10669095
632790364431600,Asus,Zenfone 9,2023,43951200910,33228720
048094571940090,Samsung,Galaxy S23,2021,44478601046,72503336
694098000528809,Asus,ROG Phone 7,2024,25444263653,34060303
043573623097439,Asus,ROG Phone 7,2021,26906266756,36447635
982144718915873,Huawei,P50,2020,69736077306,18169260
580945297132164,Lenovo,K14,2018,78409647966,61379547
049508955649266,Realme,Narzo 60,2024,55280524409,90903996
914322278726446,Nokia,G42,2020,41370941790,01101632
986709048379541,Xiaomi,Redmi Note 11,2024,20656988703,36055963
148340852126615,Motorola,Moto Edge 30,2024,48621549212,22496317
756324910939707,Nokia,X30,2020,47413451573,87973001
366537237332380,Google,Pixel 7,2020,35321479470,66254373
359632358693055,Samsung,Galaxy S21,2023,99633497493,85333157
130035746135545,Asus,Zenfone 9,2018,25517398960,82248654
026882802771745,Oppo,Find X5,2025,96224375321,12269620
950186593725910,Asus,ROG Phone 7,2022,22599491770,01125132
500412831403805,Asus,Zenfone 10,2018,21209012871,82489336
614399544600231,Oppo,Find X5,2021,12107935122,57466030
352238096280758,Nokia,G42,2023,10867332905,08217368
040415594350682,Asus,ROG Phone 7,2019,69329880894,48278553
726473683910224,LG,K52,2025,33352356149,97585059
598280231614968,Sony,Xperia 1 IV,2020,02026853061,97506610
832649575429597,Samsung,Galaxy M54,2022,20026325101,36130774
637958687333325,Vivo,V27,2023,27047481362,81628612
806202500371952,Nokia,C32,2023,62785553950,28648921
499078268611461,Vivo,X90,2018,81313120464,99216213
591494807636001,Realme,Narzo 60,2020,81483127885,00057856
418654154089011,LG,Wing,2021,77660923870,06063766
701720031976588,Realme,Narzo 60,2023,11999421701,84079250
411794132485594,LG,Velvet,2024,29402112723,17187425
483271544148563,Google,Pixel 8 Pro,2024,98594243227,58480384
763000991839135,Apple,iPhone 14,2020,23624676431,30374549
755669572650351,Samsung,Galaxy S23,2019,93073140808,30552719
095687124033704,Apple,iPhone 13,2021,23227241226,05411109
134482059628529,Sony,Xperia 5 IV,2020,48235780828,86561528
414449491773268,Realme,GT Neo,2018,53978413582,98558520
956877229187352,Vivo,Y36,2019,32844480985,91489713
698995109385654,Samsung,Galaxy A54,2025,66100902036,34932111
316797148096839,Motorola,Moto G62,2021,49731327215,82930466
447682027190699,Oppo,Reno 10,2020,21934170089,47380100
622685662401844,Motorola,Moto G84,2025,44026598179,20913001
952720326237041,Asus,Zenfone 9,2018,72369606835,65484393
266050718441607,Realme,C55,2022,15939642187,33259327
198503741661138,Lenovo,Legion Y70,2022,49157418691,94752517
296423768180873,Apple,iPhone 13,2022,44067648014,39903870
369907641118192,Asus,Zenfone 10,2024,27398267703,78428715
218562496275140,Vivo,X90,2018,53841468268,26077715
882734311146689,Oppo,Reno 10,2019,96209789005,05777112
166801950560892,Asus,ROG Phone 7,2025,28911234419,22745418
064827038140954,LG,K52,2025,69601014845,75923838
677995183383049,Samsung,Galaxy S21,2022,49686306200,51011567
934616115853947,Motorola,Moto Edge 30,2022,47791708264,02774160
174739220996163,Asus,Zenfone 10,2019,20547960344,61220559
132087337726694,Apple,iPhone 14,2021,90448867540,48682908
341016133341917,Lenovo,Tab P11,2020,08059925105,24955064
775822759963018,Nokia,C32,2022,27459234044,32620555
158819584693020,OnePlus,11,2023,65977131763,93111371
723317770060359,Vivo,X90,2019,56600738910,92301658
389205602175896,Oppo,Reno 10,2018,20615088805,51528326
039423551425131,Vivo,Y36,2025,40012206288,78440606
169789459110121,LG,Velvet,2020,68849769261,81406131
078505341872722,LG,Velvet,2020,16437815450,31085088
016852569290080,Sony,Xperia 10 V,2024,75619932850,14201851
259685233104863,Apple,iPhone 13,2022,00564243965,10174135
986101759365053,Asus,Zenfone 9,2019,48648476739,38571504
203851558500850,Motorola,Moto G84,2025,09833317820,97772668
460433670329631,Vivo,V27,2020,84261105845,84945508
263119052946126,LG,Velvet,2018,07894826650,90060415
292619755596568,Motorola,Moto G84,2019,74476452817,75843248
620199195724054,LG,Wing,2024,10620277106,83818716
387430167957573,Asus,Zenfone 9,2019,72612002200,18719404
054768676178235,Realme,GT Neo,2025,48780478794,55300260
453159690980413,Oppo,Find X5,2019,14260366807,22513764
207231742180485,Huawei,Nova 11,2019,06690723208,32844653
301709089040163,Sony,Xperia 1 IV,2024,55289421017,09707790
020406263860582,Xiaomi,Redmi Note 11,2018,83786763151,53957517
878892429471225,Xiaomi,Mi 11,2025,38363896730,32155006
147243729193524,Sony,Xperia 5 IV,2018,58024767961,87791804
661411306287917,Huawei,P40,2018,13505818950,70250048
165491909945944,LG,Wing,2022,59001617220,49693539
294515525295908,Apple,iPhone SE,2019,48780160271,03533747
574002665566874,Oppo,Reno 10,2024,28818406205,90432682
284670616391027,Huawei,Nova 11,2023,85236283558,07546893
183447808411460,Apple,iPhone 13,2024,09207066904,45605491
437813922174658,Sony,Xperia 1 IV,2018,47688747384,46912060
341762141918633,OnePlus,10 Pro,2018,08252228690,60708551
389746324453958,Vivo,X90,2021,13830427050,21516503
594210982914146,Vivo,X90,2020,80436432455,26343857
724369915179004,Xiaomi,Mi 12,2020,91929289863,76702725
513246230230859,Apple,iPhone 12,2022,84316832018,54702188
864302081218761,LG,Velvet,2025,31423741595,47552789
616237715693691,Lenovo,Legion Y70,2020,04446537750,47544647
863893506494493,Xiaomi,Redmi Note 12,2018,73915487406,06283069
306914275956133,OnePlus,11,2018,83439193357,47353207
185779108809057,OnePlus,11,2024,58936911562,20807603
383682585639905,Oppo,Reno 8,2019,02480661296,85070605
423958578498910,Asus,Zenfone 10,2024,59021951878,09160276
620001644526228,Apple,iPhone 14,2018,26183311090,19903415
552115654316489,Xiaomi,Mi 11,2023,01563147971,76432790
059081816786631,Vivo,V27,2023,97874909526,80166301
887932568680417,Oppo,Find X5,2019,49861937757,44919632
022578112978178,Asus,Zenfone 10,2019,90159631505,95105285
240281081761332,OnePlus,Nord 2,2019,38923688649,49517180
495734996802683,Lenovo,K14,2024,27901631970,95516588
271696495923565,Vivo,Y36,2021,28762049674,86152658
236888239460969,Nokia,C32,2019,14056165394,99275693
716503781579009,Huawei,P40,2024,08646414272,62818719
338254349047860,Asus,ROG Phone 7,2018,13013561319,70592552
467312660285476,Google,Pixel 8 Pro,2021,01687076081,73939098
199983036857713,Lenovo,Legion Y70,2020,78444243892,80010427
114110738502861,Xiaomi,Mi 12,2018,83064147480,11994294
413324103966311,Samsung,Galaxy M54,2018,07003593971,22616277
618883760840549,Realme,Narzo 60,2025,67343369300,70608340
939131192330597,Huawei,Nova 11,2022,08027886961,60216457
757943851968822,Asus,Zenfone 10,2021,51218246707,68715839
308988102017133,OnePlus,10 Pro,2021,26458672357,18979798
483452183715190,Realme,C55,2018,35055756403,93103242
238317808478888,Motorola,Moto G52,2023,17640885655,30365977
316928180707746,Nokia,G42,2022,08388075691,54986104
980846477519032,Realme,C55,2021,27587634606,04546511
403986333158465,LG,K52,2019,74722287961,87114468
021257033698193,Asus,ROG Phone 7,2024,10757169856,52386956
951159789019732,Oppo,Find X5,2025,10780802241,17763370
323327615619055,Apple,iPhone 13,2024,23051740128,80000595
451878777116455,Vivo,Y36,2019,72765573590,40038219
238502874315454,Google,Pixel 8 Pro,2021,31976494435,75454179
281182756687600,Realme,GT Neo,2023,38985634216,07605464
930669263564324,Huawei,P40,2021,04435168472,52383920
278865811429802,Lenovo,Legion Y70,2018,25146339074,09033673
429363266490426,Apple,iPhone 12,2025,97738715413,24792275
415170709180663,Motorola,Moto G84,2018,23219947387,68707638
877408067922646,Sony,Xperia 10 V,2019,28683255565,05177229
154259725586748,Realme,GT Neo,2023,27720479890,07082871
594602594793472,Vivo,Y36,2025,08939115180,03877472
410340903643428,Oppo,Find X5,2018,25144268803,00211406
844616823762297,Motorola,Moto G84,2019,08308852343,50787470
001240223332559,Huawei,P50,2022,22620912261,01724895
669000701764118,Asus,Zenfone 9,2023,06432277922,16490202
369768425921248,Nokia,G42,2025,61735729744,49962877
914228383322241,Sony,Xperia 1 IV,2019,85456884313,83549521
186557172962631,Sony,Xperia 10 V,2022,62072167418,45425315
514874227661306,Oppo,Reno 10,2022,19034468135,49536643
493926330017304,OnePlus,Nord 3,2023,65477813644,91101822
926556712682820,Vivo,X90,2020,68385239570,98025406
101893409663775,Apple,iPhone SE,2022,27690171362,98833234
506889173783536,Realme,Narzo 60,2023,06848430307,00815436
721111235554009,Apple,iPhone 15,2022,20819299456,53414415
984188295814332,Nokia,C32,2025,37314620792,21612903
343257243380340,LG,Velvet,2021,20923999698,52329128
169948883218835,Asus,ROG Phone 7,2020,38043763046,33055404
421855817477871,Huawei,P40,2025,33993021851,61032002
526047649581091,Xiaomi,Redmi Note 11,2021,11212351231,64824880
210123823308190,Samsung,Galaxy Z Flip,2021,00303989246,36528610
549478335962684,Xiaomi,Redmi Note 11,2019,53948679762,75091480
021620317171267,Xiaomi,Redmi Note 11,2018,79402097015,11189699
049703191436197,Nokia,X30,2022,06026212248,73767254
276631446534441,Apple,iPhone 14,2025,59676323950,74966752
614592207032194,Nokia,G21,2020,61426551266,09849253
638980729496186,Huawei,P40,2025,37848351475,86354796
303393937621817,Oppo,Reno 8,2023,16790542604,29882588
158621636570729,Lenovo,K14,2018,53268383890,36046682
973498313648501,Asus,ROG Phone 7,2024,22013108907,46694172
930558537095591,Sony,Xperia 1 IV,2025,82046288033,09844066
751697746038493,OnePlus,10 Pro,2021,57401436833,02208255
933041498722587,Asus,Zenfone 9,2020,37924895540,23877916
868152633152634,Huawei,Nova 11,2021,94380865010,95861579
265844312500147,Samsung,Galaxy S21,2021,86110237736,74305716
839640258044410,Realme,GT Neo,2020,69238453942,72500356
247430049185332,Lenovo,K14,2020,14321330637,38925087
822107949221965,Lenovo,Legion Y70,2018,27064467305,30115384
832047039187424,Huawei,Nova 11,2018,71279565454,91733570
372366995696564,Samsung,Galaxy Z Flip,2021,84489820291,09894417
916196659587826,Sony,Xperia 1 IV,2020,09310689757,78112403
298053668254254,Motorola,Moto Edge 30,2020,27118338877,44842465
001726036659394,Realme,Narzo 60,2019,75528515386,09572058
162176197301159,Motorola,Moto Edge 30,2018,62202055290,47145152
730471098736597,Vivo,V27,2018,19371676663,96435709
478219577230978,LG,Wing,2020,09346530200,58740411
720200466744577,Oppo,Find X5,2023,60688045006,99594799
885659477753285,Motorola,Moto Edge 30,2020,23499852101,54227396
780069726976023,OnePlus,Nord 3,2021,03311918908,10707521
282003241999718,Google,Pixel 8,2024,53070736157,80104663
270336345454941,Samsung,Galaxy Z Flip,2024,78612231329,72198352
278989074034592,Asus,ROG Phone 7,2019,11751776603,14775261
501284123411436,Vivo,X90,2018,98514395769,41808715
814494753014309,Sony,Xperia 5 IV,2024,96274160531,31663296
142998249561053,Asus,ROG Phone 7,2023,61097504921,66094558
255858696763452,Samsung,Galaxy A54,2019,82084780756,54575409
666118542767172,Huawei,P50,2018,84553292971,24058842
859244899136249,Sony,Xperia 10 V,2025,44658287480,86938186
346441678047244,Google,Pixel 8,2020,89271638000,05930657
576223826801820,Realme,C55,2018,22719167630,17237924
439899086290609,Nokia,C32,2021,16412615601,61178781
292397600724943,Motorola,Moto G52,2019,72390788505,54423583
384922924462755,Apple,iPhone 15,2022,12054046787,92012389
499218928338392,Nokia,C32,2021,05949785215,79786230
344820417546579,Vivo,V27,2024,64956881649,03762020
080545118784685,Samsung,Galaxy Z Flip,2021,18510770735,88024429
781652979913114,Xiaomi,Redmi Note 12,2021,65063414834,55226234
086210479093820,Nokia,G21,2020,42705768637,94688212
034541471786053,Nokia,G21,2025,52373789949,56767501
552419302946155,Apple,iPhone 12,2023,56914683751,43576687
342535181228709,LG,K52,2021,37723701799,67072853
483918008693326,Samsung,Galaxy S22,2018,82468986474,54913721
751066217089682,Xiaomi,Poco X5,2022,43323293410,96369068
160747935304457,Oppo,Reno 10,2021,40607520965,05248052
523492388237554,Apple,iPhone 14,2022,23355442682,14239848
861395300043706,OnePlus,11,2021,24625578817,82307757
720586496624065,Realme,Narzo 60,2019,97928939703,25580792
468012432749140,Motorola,Moto G52,2019,91250551943,83499483
952539234113886,Asus,Zenfone 9,2022,05075375057,73716684
423091327546949,Samsung,Galaxy Z Flip,2018,77107756915,73016290
831985495318364,Asus,ROG Phone 7,2021,97589800767,81230831
740995178107987,Apple,iPhone 14,2025,57793823796,77357149
068433092687715,Vivo,Y36,2019,93713005745,11023335
849011694680843,Realme,C55,2022,18721427615,35800830
837264868494937,Nokia,G42,2020,75746339598,04555066
680732253198270,Oppo,Reno 10,2024,88905741436,34689012
593980301695938,Xiaomi,Poco X5,2021,14206759820,97644931
067548786779859,Xiaomi,Poco X5,2022,98757614512,83133431
785458521249820,OnePlus,11,2025,51230131566,12014572
441186908033043,Realme,Narzo 60,2018,71627122079,84436014
923174734193086,Realme,C55,2024,27480486448,69889909
229059790020454,Sony,Xperia 5 IV,2023,05899051477,57206144
902320185321993,Sony,Xperia 10 V,2025,07540062550,29100475
273291604931745,Sony,Xperia 1 IV,2018,67602731840,37378594
877190928165638,Apple,iPhone SE,2018,84684662047,94712667
728539422282582,Oppo,Reno 10,2020,97171830314,89144388
616072892376903,Oppo,Reno 10,2021,79257564037,59418486
373195408268400,Lenovo,K14,2021,59984063895,83517128
709863396761511,Huawei,P40,2023,20091653657,47543592
102438370772438,Google,Pixel 8,2024,56056984788,00800428
437639556240674,Nokia,C32,2021,33415855678,67879859
651681836425910,Oppo,Reno 10,2018,23096915504,75735749
385240899918065,OnePlus,Nord 3,2022,25694048881,68220448
048667994132124,Realme,C55,2020,76661277157,60327969
584813036928165,Vivo,X90,2021,54671882590,49793653
339964238990503,Samsung,Galaxy S21,2019,21044960809,49776682
971195618333905,OnePlus,10 Pro,2019,24152826770,82654240
416387614127427,Xiaomi,Mi 11,2021,40988817306,88516845
643088177634912,OnePlus,11,2020,97026531778,30208216
261209780234084,Motorola,Moto Edge 40,2020,76377308590,77424595
048951765403152,OnePlus,Nord 2,2018,46335125951,35688997
617706422589726,OnePlus,Nord 2,2020,15691077180,66998513
851843471888748,Sony,Xperia 1 IV,2024,24481060107,29640760
722965735739877,Nokia,C32,2024,08338450120,45945683
525420809252098,Vivo,Y36,2023,77185381177,96785201
215648806436630,Huawei,P50,2021,94127509511,18936258
517122913441445,Xiaomi,Poco X5,2023,75726163729,01412891
278877183513104,LG,Wing,2024,99876299972,16036708
